employee_id,age,years_experience,weekly_work_hours,meetings_per_week,emails_sent_per_day,projects_handled,remote_days_per_month,sleep_hours,stress_level,exercise_hours_week,sick_leaves_year,productivity_score,burnout_risk_score
1,60,4,65,28,138,5,6,9.686117062385676,6,3.268932630556065,8,80.46329943082418,23.829809968982058
2,50,9,68,5,120,6,12,5.312630250465278,5,0.10798392389511968,18,97.15067350272301,60.36951468105716
3,36,32,39,2,33,8,11,5.957323041885589,8,7.010112670950407,15,29.163623966918585,20.020964664446417
4,64,37,54,15,36,8,17,8.537153404640684,4,1.1326975306468579,15,45.15080328539668,0.0
5,29,12,47,29,49,3,18,6.36253084939244,4,7.728805774635181,17,84.81003421750856,35.43542199335459
6,42,30,48,7,198,7,14,7.64926826059868,5,4.918678219172068,10,41.29267088409412,47.7467148400655
7,60,35,65,1,173,1,7,6.667441006416571,1,7.8427981495456915,6,37.20964776368327,0.0
8,40,23,39,16,33,1,18,8.454219622538691,1,5.839265391977413,8,86.03023822951774,28.880144367350447
9,44,14,62,8,33,7,9,5.369987514211665,2,0.8243327201899076,3,98.96658912047762,14.370135675970285
10,32,28,34,29,13,9,6,4.350747923421262,8,7.656523367051831,12,64.55044721183725,47.239112819275825
11,32,7,64,11,76,7,17,5.799576384838398,7,0.6979948489474974,3,42.24389986666714,0.0
12,45,4,63,2,43,5,15,6.845851989210582,9,4.7870172056933225,18,51.885276928004316,64.82544119556673
13,57,28,62,10,194,8,19,5.008120313156072,5,1.723492141449633,1,33.61042619068872,66.40861024076571
14,61,3,50,0,186,2,5,6.128783737938332,2,7.523351779778849,8,80.95098231126019,19.584345271790454
15,45,11,46,22,190,9,8,6.399898109761411,7,9.115912278061266,11,81.87792142582143,0.0
16,24,1,51,12,125,6,20,4.3443510621296415,8,5.541261633582742,1,90.00967939059956,0.0
17,43,26,66,14,32,9,12,7.499843489105228,7,5.271472942991805,5,22.12820508772511,50.366672028499
18,23,30,44,25,118,2,20,9.306060567827725,7,7.639631963256179,4,64.95850733011034,36.03893273835849
19,45,35,64,4,78,3,7,4.910457477718315,5,0.050788129757272094,4,37.14043474745475,60.475386972970696
20,51,35,57,20,104,8,15,7.586848080409084,2,9.177586426351606,19,47.27064123938857,54.97758060623562
21,59,25,36,29,190,1,12,7.988435229465077,6,1.9744881709113171,4,82.7964492229206,0.0
22,23,26,61,16,71,7,12,6.5160080825157305,4,9.841188838262372,3,35.362692188919695,23.181646606591503
23,42,4,40,24,178,7,16,8.20658552418562,2,7.362539479604622,8,71.06734004648717,39.76172374251387
24,54,19,39,22,66,1,19,6.4643892609460725,9,7.74251147700671,9,72.36529529788785,8.496083951160736
25,33,10,38,23,197,9,4,7.027823727864609,7,6.562029803736066,15,96.32751319218406,44.62876878504546
26,43,9,43,24,63,8,21,4.044118267326562,6,4.716631827851603,9,82.01287428231495,52.127157031962696
27,46,39,42,5,79,4,20,8.150320684808133,5,5.716276933611654,9,84.29081177229547,0.0
28,48,37,54,27,110,5,16,7.968056073668347,3,0.46402886015125655,18,62.52805992143148,31.220781061522395
29,63,5,31,20,66,2,8,4.230405263958067,4,6.239595094320142,9,34.94246457298965,61.12400962990446
30,49,7,64,21,147,9,1,6.209500644370799,3,6.260981019870467,5,54.04506925746813,19.90761940846344
31,37,22,36,10,177,6,17,9.874191044750004,8,8.912007974018096,16,63.95916588094563,27.39138863834832
32,36,25,50,17,144,3,8,6.524419375411701,3,5.056563574302194,4,74.27354013709699,22.508808487261785
33,24,11,47,3,112,7,5,7.01167243079105,7,0.7714437408606101,5,68.61672894655418,30.715180621235277
34,58,25,32,2,175,9,10,9.459580948958312,7,3.061959204820812,14,51.518226313379486,0.0
35,28,12,68,12,94,3,5,8.303571255194537,7,6.556294121143175,18,41.225048559667314,41.38644292766257
36,42,39,40,22,70,2,5,7.492420786745342,7,2.3925886275146393,17,33.45846745629465,46.080619734065856
37,30,17,68,8,12,7,12,8.786828088046434,2,2.805278218554009,3,75.50763090178131,36.240682914932194
38,60,24,53,20,137,7,10,9.18619759873584,3,8.204690163608534,7,71.63189394499881,6.252816128087522
39,39,32,48,5,188,4,13,6.741328430423601,9,5.84319731762709,15,74.98979726062453,0.0
40,25,39,33,25,95,9,1,6.850650189591012,3,5.085274317735725,18,49.80219622422359,50.11455509292024
41,46,11,55,29,56,8,7,6.316305613911014,2,3.1845196680580434,19,40.9926258056596,44.21809852235044
42,35,35,67,27,85,1,2,9.800236840110763,9,7.309280359330334,2,80.77770629447403,26.185802201045487
43,30,3,61,11,47,1,20,8.182997525742103,9,2.877184344900293,9,81.89179160442673,42.48454482189155
44,47,4,68,1,173,5,2,4.499338397248434,4,7.370635176441752,1,56.44930991734725,54.80498827969639
45,23,36,65,2,178,6,0,9.17775773987811,9,0.7010148026744201,3,68.95232678138593,49.62192356138
46,41,7,69,2,150,3,18,6.883359645017609,3,8.645413415820837,5,49.881573138539295,25.74934946839746
47,49,27,66,27,96,9,17,4.412523438534925,7,4.995664633759328,10,76.15577600958454,28.09347758584606
48,28,30,62,11,67,6,16,7.298303530979866,7,4.3850801669897,13,86.8577277318297,36.21346285723745
49,29,8,65,14,59,4,19,6.502985673854212,8,6.110234115419245,15,75.05866218685196,61.16803123899582
50,56,28,32,8,39,7,12,9.26649642917575,4,6.241920728962704,18,61.00661014777092,36.80749267470608
51,35,13,38,22,199,8,2,5.223967621656325,3,1.3203517688999555,1,56.69263675938963,47.62577815083667
52,38,39,37,7,110,9,0,8.958787656953097,3,7.562335898162132,16,71.38557207805954,21.52748878746345
53,57,21,62,10,34,6,3,7.346132147112717,5,2.759282979500629,8,74.38487132810641,0.0
54,61,10,35,15,121,6,12,4.327661819280815,1,9.04961880169914,16,64.69835548196312,30.59630058328343
55,25,22,68,25,164,8,16,9.831071807952908,3,8.178506634148325,14,69.9953820085916,44.12038881050122
56,23,0,33,26,188,5,10,7.075691464619199,6,3.462660415347485,6,27.727094599562577,51.00097010664094
57,27,36,42,24,194,3,1,5.745261125389495,3,8.077392932007145,18,96.14124129138614,30.8826527806851
58,63,20,31,21,135,3,15,6.8164410519355485,5,3.563904992999042,2,83.26184509856273,72.58846202007597
59,25,25,34,3,132,6,1,9.147146701104933,9,1.0094768163604062,0,49.91422957654271,0.0
60,50,35,56,27,56,2,18,5.829418746310381,2,9.618882387257079,3,65.0250088762904,31.60323899794344
61,39,22,61,0,127,6,18,5.156058378920202,2,6.5260201521544,17,23.785962410913708,62.51887547968836
62,47,0,50,23,48,6,15,4.774427481585288,6,4.560995266625917,7,23.29822511992483,14.728488082976732
63,55,39,37,6,25,8,21,5.787156390341267,6,3.9777335153103968,18,40.063866808957016,44.95488092731677
64,31,14,67,1,31,7,18,8.68028852224026,8,3.24705334258264,5,75.17613138916985,40.16024946231725
65,57,20,37,23,63,8,8,6.82975819117157,2,9.814475954291293,0,88.17181982400093,49.73389336585015
66,35,8,32,27,158,9,0,5.36488962216124,9,1.347472651309074,7,64.73487039838787,53.364153673040704
67,52,8,32,4,25,6,9,4.997109997658495,2,3.148050589205683,0,62.570619166588195,37.94570696427296
68,36,9,51,6,68,3,18,5.996376859062274,1,4.854976402826635,18,52.184762703317276,46.7435884127159
69,29,25,35,3,40,3,0,9.639546237314253,2,4.779995450543114,10,32.927836476641694,7.587404274359976
70,35,34,31,4,179,1,1,6.058160275540146,7,4.713664844078434,14,29.468328106127004,49.593231984254075
71,44,24,52,23,41,5,15,9.928744455727813,8,1.7578381583038183,10,80.85438089767729,17.151514347174587
72,61,25,31,0,196,4,11,6.911382734592137,5,1.4493252710950055,18,94.20028410372605,39.69967860464013
73,42,10,67,0,171,9,7,5.074983509740905,6,2.5476758632862007,9,56.66265731090185,49.899080478651896
74,37,37,46,14,18,9,17,9.346840550761057,1,9.145261538020561,11,72.75565269725107,0.0
75,39,1,64,19,148,5,1,6.762132238808961,6,1.1305296783451013,0,93.15661207047529,48.59827059607324
76,45,6,63,18,19,4,12,8.258028061027147,8,7.574251033733248,6,27.209090634731563,0.0
77,47,17,52,28,26,7,5,9.90226949925491,3,7.575483931333713,16,81.63851624952238,18.49570271116215
78,46,26,59,9,77,6,20,4.3010521019198436,1,8.097704038972623,9,69.34535075004601,25.313335723588647
79,62,33,37,27,57,4,5,4.580167358725403,4,8.866154889893554,5,67.8909743063889,0.0
80,50,26,51,17,189,2,8,8.322740448776537,1,2.6303617753893027,16,43.40323427852559,0.0
81,36,16,65,27,120,1,15,5.690950019772832,8,2.2455946926889636,17,74.71146838221415,55.12931659668961
82,22,23,34,2,162,4,10,5.105808381700594,5,4.655056665274797,4,83.58382038566212,36.86304896579697
83,46,24,42,10,132,4,6,4.236171278918377,1,2.650891687520361,17,29.02865319549577,32.61023486054975
84,28,6,58,14,158,1,9,4.131080271917211,8,7.343099889831075,16,62.6817144784787,81.21192122034742
85,30,5,60,26,110,6,9,8.646913618718745,9,6.359395767414337,15,28.101214478992773,0.0
86,45,23,45,29,111,4,19,4.8066005642173,2,8.749876880526514,7,89.80592154381156,24.156921256898485
87,22,32,59,10,74,1,17,6.806323695826905,9,0.8273830348707156,12,60.610937812507785,0.0
88,29,28,45,16,60,1,19,7.635380891076898,8,9.150833333580747,15,84.63725514086059,30.146598744060242
89,45,21,41,16,45,1,8,6.570110803413078,7,2.9334862667008954,10,49.44685101329714,34.96854459851905
90,32,25,46,5,90,8,14,4.162639914017399,3,4.90694345926984,5,30.006258145306035,69.35059811477645
91,38,27,45,4,136,8,3,8.701009015527454,2,4.386114359396437,2,23.319944350856918,12.315145831715816
92,29,20,41,7,97,2,7,4.063079347249921,7,7.603116511044239,0,42.52076966179004,41.05074115273654
93,56,6,37,1,113,7,8,8.571339366264905,5,4.203333094318426,17,39.538696029126285,13.378223116091636
94,56,16,49,15,24,8,12,9.359826962728736,6,9.435531456494093,4,64.82815792159695,19.74952956574364
95,54,19,32,19,105,8,8,6.597039526343034,4,9.025338826385754,12,21.73910704509659,55.023801606182126
96,26,19,45,23,176,7,3,7.213254838586789,2,8.721611519695065,9,61.64564354393387,34.76692721966636
97,63,21,59,11,132,5,16,6.861900355705923,9,0.712583326482279,4,51.341739360960254,51.723224712078675
98,60,27,52,5,10,1,15,6.335251711740633,3,8.542580615539395,13,66.16978159315536,19.87707168319121
99,62,39,57,0,160,9,14,9.32454721222216,7,7.816354454432105,16,76.19340225202917,24.852954134260766
100,49,6,69,3,131,7,2,9.363601064019942,8,1.03512947006131,0,70.72735560638712,0.0
101,28,0,34,16,176,2,19,6.014898187849207,2,1.0741432543622187,1,98.7715495498693,0.0
102,30,31,49,12,135,6,4,7.690418524088188,6,1.0116381151754117,6,31.061227510149685,35.066592799960546
103,29,12,69,17,66,2,4,9.561445372875184,8,0.1133259320448754,9,54.37896071438228,50.99216949031625
104,33,29,30,4,90,1,19,9.772350993648109,7,5.486343051945836,19,53.986458931464895,28.74773741210202
105,55,22,59,29,171,7,14,7.0537542425322854,3,9.733942914360433,6,53.36425629623365,22.890076671530707
106,54,18,50,23,178,2,17,6.7169488317059605,1,4.386847028997936,15,73.10387136341348,31.33865716390606
107,44,31,49,23,82,2,14,5.672165895571155,6,5.407575018873564,4,59.186244843737796,75.73005177381653
108,45,29,35,26,150,5,1,9.75323123914246,8,9.679697967699555,11,61.394604785037046,30.917262686143914
109,58,28,51,2,79,5,12,4.856885826837204,6,2.551822287742307,16,54.58847937174117,21.770332975521537
110,56,28,47,10,15,7,3,7.47897745628635,5,8.58470252598263,15,99.335956881485,39.221006056997666
111,61,29,37,12,93,1,9,5.695301605111833,8,5.463904672117361,19,94.20490790552337,58.14416541052225
112,43,15,68,3,61,8,12,5.67404974208678,2,5.6947651466301075,15,44.61793514914967,0.0
113,48,39,61,25,12,3,9,6.429811524257131,1,3.4317385720728355,18,28.927513981333377,0.0
114,56,18,62,26,90,4,8,9.992757614893927,1,5.615843609669081,14,87.18117792308823,53.158826677473876
115,22,17,45,13,72,9,7,4.329797841038932,4,0.7314250947828393,11,99.77362011405796,46.76776733501328
116,56,0,41,21,58,4,2,7.4712509092211885,6,7.646435726141122,9,43.40871152317164,30.432263658936556
117,58,13,67,10,85,5,15,4.495432948211663,9,2.8468776154427164,1,48.6227940673413,0.0
118,35,1,63,26,121,7,13,4.927124979943114,1,8.87608329493955,6,95.33065451881623,57.114598882415684
119,24,27,43,9,184,4,8,6.637377650637392,1,3.6785069460745845,12,76.89036144024719,31.451013376072524
120,22,29,65,18,118,1,20,7.062760788078648,5,1.428241104868826,2,43.65106654237089,13.40011289758302
121,26,37,62,17,192,9,10,5.552754450187144,5,6.95881574368485,14,66.48371930271321,0.0
122,47,3,52,5,74,4,2,5.8987427852464975,5,1.6457814471350285,0,95.53836634914049,35.03365236200826
123,35,0,31,26,90,9,4,4.521802121535599,6,7.536805155429905,2,84.94504855566228,0.0
124,60,7,50,28,24,6,9,5.819318703065504,8,9.681122364061165,9,79.34661709829277,25.8311545727754
125,48,28,31,14,109,1,12,9.799350636283265,3,7.7955286879526176,14,78.95970493816179,55.82614315089067
126,30,38,56,20,41,3,3,9.66824429003489,9,0.22449248431324675,5,34.24162594338163,0.0
127,36,2,38,29,105,2,12,6.00926974082191,1,5.998857880527747,19,85.97449913823492,0.0
128,36,31,30,9,137,9,11,7.425123617672569,4,6.954106709697243,14,42.08949059547665,0.0
129,47,9,40,4,155,1,4,9.457572346665666,9,8.254583257962851,6,94.42933263212237,25.90908476506496
130,63,9,32,25,122,9,9,4.03710293584538,8,0.5600230893900016,4,49.17119928110264,25.293210561947035
131,34,18,52,28,92,9,8,8.864101422025552,9,4.801078279522864,3,88.61283176338051,46.2044627484524
132,53,33,55,4,52,8,19,9.690217316733513,1,5.353708726383943,17,41.298679561424116,0.0
133,60,32,33,9,125,8,6,4.547954406001343,9,1.6912486264417803,2,61.162154926579234,60.94306972511042
134,53,22,47,27,172,1,1,4.968686116197526,3,3.2244980971064963,16,28.550823639124843,65.02673633824294
135,25,27,35,4,87,8,21,9.764477816628133,9,4.402217262561652,17,72.80951223969393,64.12536438022306
136,51,31,64,2,67,3,6,7.225240861842078,1,8.332096879578014,17,86.88634201334706,10.139862152323097
137,58,6,51,22,42,7,7,4.085179806830342,1,9.294075660702068,1,77.47578250419329,18.17951444472004
138,44,28,44,5,23,1,6,5.545791992581175,9,6.2842282891767285,12,61.86068103509258,50.6913722431613
139,60,7,51,3,171,1,20,6.699662045613158,6,3.949451860214621,14,23.60927028811676,57.14159385174214
140,36,0,66,17,198,5,13,8.157453466148606,4,2.5403101779898596,4,94.67528057366867,53.7003460770172
141,64,2,41,27,141,5,18,8.398962268820798,7,9.821351844361505,2,76.43916388629077,45.62699759150041
142,50,23,67,8,68,8,4,9.972529077552736,5,9.830199980763584,4,79.66913906922665,50.54088775483008
143,57,22,47,16,166,7,17,5.725067196302554,7,9.249769482350347,4,83.57444604086457,40.42131845983176
144,34,7,64,28,92,8,19,7.229320611210851,8,7.856691498778192,4,79.81947407420886,38.881758271885786
145,53,36,59,12,143,6,11,7.19994128715763,8,3.257795437456182,2,55.28929312786669,0.0
146,28,2,53,26,130,6,16,6.433871556683425,1,8.170004834976307,2,78.68974634303575,30.52373519507815
147,43,32,59,14,186,2,12,5.014971363054521,8,4.087930172711726,19,70.00214302482632,46.30131538468853
148,49,27,43,29,177,6,1,9.864739379103055,6,3.267730981550452,17,88.32130669350292,18.12515197082808
149,23,7,35,19,92,5,12,9.119903119999517,4,7.448653584662796,19,84.19678522698963,24.57822559798245
150,63,33,32,16,36,3,6,6.989998169765423,8,0.7965392762042289,3,23.30995059738079,22.992780793189972
151,27,34,45,12,89,6,9,7.619472536104179,3,0.4856272329566169,0,50.31096722660842,54.11567647199048
152,49,31,36,15,143,8,5,5.363566321357974,4,4.479536971811856,15,22.777292174711565,43.79891426248061
153,49,23,43,21,22,9,2,7.262722422350482,6,4.456388008221619,7,28.165993981287833,29.99275060332747
154,41,13,38,3,73,1,2,8.169820798728855,7,8.95644153063835,16,68.1128577602889,0.0
155,51,31,44,4,199,3,17,7.091002170319532,4,1.261530962878168,7,89.90574569298028,0.0
156,32,15,50,4,156,3,10,9.941711023509647,4,1.232839274524128,6,29.58598069674138,17.2574917199128
157,49,3,64,8,89,8,21,7.668049937486357,7,1.4745260047490116,7,56.08714299734652,35.09752957737675
158,46,36,31,16,132,1,19,6.225842275553014,6,0.29736261294602606,11,92.8703123845155,36.659110642034925
159,60,20,56,12,52,5,4,8.632912165695029,8,0.7173173781490838,15,85.14407869372702,0.0
160,54,13,31,1,98,3,18,5.022775069489852,1,6.598698668290391,11,61.573431717274396,33.17170916142506
161,22,30,64,12,157,2,21,6.3070948822376,7,4.315843291175092,18,81.72571514630647,0.0
162,48,17,47,21,104,8,18,6.081753702265515,7,7.636030670880136,9,61.81550192356296,37.39865183007371
163,34,6,43,20,181,3,14,6.590842570646664,7,9.925977185816603,6,32.6473869826279,21.476086578843418
164,62,9,49,26,160,7,15,8.690678955572357,7,6.590346810990013,11,29.978889057734328,0.0
165,24,6,47,22,11,1,8,6.905038192980445,8,0.5045557062012374,19,35.06945856536558,0.0
166,60,32,39,18,129,6,3,8.764086701595776,9,1.0456286475434151,4,48.07376759725436,25.314393709173476
167,27,22,54,2,31,3,14,7.458933418839195,9,8.810040848147079,15,94.4423414139215,24.545343292582853
168,29,20,31,9,124,8,11,6.052416607945332,2,5.274959445582615,8,83.97427309228812,0.0
169,48,18,54,1,66,6,2,8.859872462100835,7,8.2483715939574,6,54.6241248981054,15.289552930332903
170,30,18,62,12,81,2,13,5.429738023318549,7,8.566123362249261,19,59.44613678300592,40.07944685574262
171,58,35,65,18,16,6,16,5.346297878798773,4,9.276745414995192,13,41.24875661331319,0.0
172,54,28,60,25,193,7,18,7.027017544329015,9,9.498292054863658,10,76.3482365177704,37.2689340110986
173,63,17,43,16,128,5,5,5.565095475772534,8,5.548257965033062,6,84.22125371696305,0.0
174,45,1,30,20,123,3,3,4.054522209707298,1,3.4102017225603385,9,39.112375653406126,56.207602408492235
175,36,0,45,13,25,4,6,7.889785163792809,2,9.618648743479985,8,23.345729902917228,19.090940389011738
176,53,4,32,11,92,4,18,7.066562928834388,2,5.474064060012252,3,69.91111545303764,29.37676955153676
177,53,19,64,20,188,6,16,6.673106886958967,8,0.6425272295461104,15,65.00096953082533,36.05115457486175
178,45,10,35,11,81,1,15,9.801811087709892,1,6.42776550059865,9,52.17049240231012,46.694709294415155
179,62,1,54,10,133,4,14,7.427195103777482,4,5.876847503950108,18,71.5115153418568,51.48281833714388
180,33,2,42,6,122,4,21,9.180589466736308,5,8.95792872894706,16,64.04906383881149,22.745787061211672
181,60,22,63,3,21,1,7,4.836701417230961,9,6.531871891578125,8,40.04652612753542,41.33472533728357
182,23,11,37,18,135,9,18,7.415238778776566,7,3.490524244615514,12,51.81831804981779,0.0
183,24,19,50,0,62,4,7,9.207877760385418,8,9.662257257058204,0,54.24908557977933,26.242309662816243
184,58,4,63,27,84,7,17,7.498634543679388,9,8.016194859820336,1,90.4198395580451,18.384923801141092
185,38,36,33,23,142,3,15,8.30808506876201,7,6.304176183813544,12,96.87233233031675,46.61562291566204
186,23,37,54,28,36,3,19,6.232261406873244,5,2.929252034031229,8,91.44010899171977,40.83302774511987
187,23,29,44,2,149,8,18,4.554697102222399,5,3.7354029631429553,6,77.53424192415837,70.50295992199322
188,49,8,33,12,154,8,9,6.747401770762428,6,6.6996992409665665,15,66.79941868846575,38.3590319935661
189,44,33,41,14,143,1,16,6.366876345033145,5,0.7198081846332172,18,75.1409308372764,2.996701200838526
190,58,34,61,1,106,2,12,9.202361094273684,9,2.5668059165026347,6,95.12873765861512,20.352939600077402
191,53,21,61,10,14,8,12,5.463971814114833,3,7.13900933396598,5,39.99989881790654,8.56023452997302
192,54,23,57,3,66,1,6,9.800405365210649,3,4.800185098446209,17,62.80964061387239,10.938080673743695
193,22,16,42,18,165,8,9,9.748828718826978,7,4.023935648144301,18,75.16864152003264,6.749967441947548
194,40,9,60,28,87,8,1,5.485789858428632,7,1.514576224004145,10,74.33976010594196,54.60946148565188
195,23,29,43,16,78,2,3,6.088311732863923,6,4.418490344777326,11,40.18231676614691,0.0
196,47,22,49,2,127,4,5,9.37333444524331,3,7.706919707602339,9,66.93852219118014,37.11784294972272
197,53,31,47,27,129,6,17,9.799733325376645,7,2.6401284607189304,12,83.67305139361251,34.339044485730035
198,27,16,58,17,68,9,5,6.660634617016264,5,0.05398542183677413,11,58.00631840401951,42.53979201345004
199,53,16,35,7,42,8,16,5.925982273845387,7,6.685049011509828,9,83.46384613589879,64.99809954291688
200,25,13,61,21,71,8,13,7.156564079509252,2,9.726266044325525,19,48.790607820364386,37.62466326477888
201,32,8,58,24,59,7,10,8.12661523819441,6,6.068265635885829,17,95.10081017310071,36.70752350608953
202,38,39,31,23,121,9,18,5.640847092249879,8,1.1992185892713014,3,62.714275239928085,29.497049879083356
203,59,1,52,25,28,2,1,8.418839047714437,1,3.2073309234467304,4,67.67583606340915,0.0
204,45,24,48,18,132,3,2,4.309944142687846,4,8.676416147202234,4,22.50892550436707,51.30623877195967
205,26,38,60,4,56,8,10,4.295766956586498,1,2.3256807425682857,11,33.62153097028754,56.745341833488354
206,55,8,34,6,176,6,5,6.317726230873271,1,6.07695903497608,2,70.63471043768358,53.25240647207574
207,27,21,48,20,42,9,13,6.120839152364324,8,4.026712082539978,7,53.5896297425817,50.254863936091446
208,43,3,63,7,150,4,18,5.893799292202914,7,2.07843721419649,1,60.653103236653976,42.14052199370304
209,32,25,39,27,93,8,15,6.94611857601346,1,8.134068935646797,17,25.037712698696033,37.31578880587432
210,37,28,54,4,191,3,20,5.924401493869428,2,7.428312764656902,8,86.73081907283074,34.65617446761042
211,54,33,31,16,144,3,21,5.153547510808552,4,6.615910659592654,12,82.76044818369738,0.0
212,30,22,40,4,88,8,6,5.856817294531606,1,2.3633659026875122,6,34.828318057747964,56.15956826376413
213,27,36,60,3,23,5,7,9.84942563686141,3,0.9785700271645004,9,70.74634858059035,32.41952068492516
214,37,10,44,21,156,3,18,6.466680501969091,8,5.761593298259662,8,85.46521693234173,0.0
215,50,5,38,18,137,1,19,6.668276661150014,8,5.536778335394334,14,71.268330913248,54.81773902605343
216,24,17,52,26,63,3,15,7.45926993970684,8,1.88385009334873,4,44.831847623667585,43.93324014885024
217,41,20,48,20,157,9,21,9.90004461048536,6,0.5624669431517249,11,72.48889203825337,45.64857065650394
218,57,35,38,1,38,5,6,5.449607658614578,6,0.8070845419398598,0,36.83693981465698,46.15134961622645
219,40,37,64,10,33,2,8,8.087692663194602,5,9.927709865127337,11,45.46039978235367,34.13296836895057
220,47,33,50,21,91,7,12,8.295908161250345,9,7.835838947428837,5,39.20557224857429,63.971566496540454
221,24,16,38,12,72,2,0,7.643946500758395,4,9.219874759651725,18,64.55400819121652,35.034325903312656
222,40,36,57,14,114,4,7,4.531470037819864,7,1.9505472223636333,18,28.65813174124389,37.856252273620804
223,41,24,36,11,66,7,21,8.06123365496546,1,9.60568536323435,15,94.66483042786709,7.471685345422868
224,53,37,45,21,145,4,3,4.384568266217053,9,1.4265435147316208,18,46.680988293029344,0.0
225,28,11,45,20,71,7,2,7.576855897299382,7,5.090818285664711,2,37.5176101684641,44.059609484859436
226,62,22,62,21,166,7,2,8.437487063330456,9,8.29695684417064,9,59.7239850881465,32.936620412717346
227,54,21,33,10,26,1,21,5.265819343719702,7,3.498033545115794,17,42.159825476377286,44.486823844776616
228,61,20,33,6,75,6,12,9.049732045256643,2,4.248285331769005,12,62.79232691061154,39.17332882950998
229,60,26,68,27,15,9,7,4.182122833198026,6,1.2818511029909785,17,47.880731982566836,86.29354477049827
230,39,30,69,4,67,2,6,9.062877181949837,4,1.2292187999897275,2,30.565344861523265,35.43648973981033
231,61,5,46,16,78,3,0,6.76197430385659,3,6.195682247786596,2,41.27161936218096,13.421122882573473
232,22,26,66,23,165,5,15,5.305527639589867,2,6.755323686200567,11,55.07518759692202,0.0
233,32,39,68,19,71,9,5,4.802668869963808,6,7.773325140821933,19,22.42345811837005,25.163490349482476
234,49,33,58,8,178,4,6,9.719843005494235,8,5.566820526817535,6,81.65140216118095,11.887141347609996
235,46,11,65,13,91,1,11,4.43599352548694,6,6.457592922613059,7,69.74596516723327,74.24917716317306
236,44,6,67,25,178,4,8,5.194560519615554,9,0.13517271699720057,8,68.10876858226834,72.22189890002609
237,52,9,68,11,186,6,10,6.086934084598276,5,1.6217072713718805,13,63.68399455062128,55.68356263552516
238,51,16,66,5,186,5,9,7.721409093766723,2,9.849147660169047,4,67.22505378600547,31.89851464361204
239,63,25,64,16,80,1,20,7.2688065116565905,8,0.7599350631583179,18,94.77215621657764,0.0
240,56,20,36,18,140,4,0,4.753860954473884,9,6.787882222602449,15,20.685536864859255,0.0
241,28,27,56,18,19,6,17,5.738367902429288,4,1.7608263303171623,11,23.823976772619943,41.24760629947836
242,37,1,57,25,107,4,3,5.4325106265161445,6,7.167185857676419,3,35.31947279446419,42.64030686057238
243,47,0,51,15,98,9,4,5.281257126942048,8,7.0599040296199345,7,33.384110399452005,21.920204773933612
244,23,35,43,11,44,5,8,6.466866018879922,9,2.341990597880902,6,34.495556757534615,29.937416615332456
245,22,25,36,11,11,8,16,8.224188715549941,5,2.696343992192042,14,73.75551086789201,0.7144104859701703
246,33,28,66,19,133,9,2,5.304717593303415,6,6.5477071360208825,5,56.758664084013226,47.559410662225275
247,26,20,51,5,33,5,15,6.2000732782178885,4,3.9008603878021364,4,99.34231026677546,40.57047443291804
248,58,10,34,22,83,6,4,6.345504561046973,5,1.9454796969991128,13,38.150873184235586,65.01849044436115
249,53,39,31,25,175,1,15,9.858739176612461,7,7.316795987874817,12,44.86640808219957,30.719679901082415
250,30,10,56,3,31,7,2,9.727998141274412,9,1.5414752433633416,9,98.73925734413193,29.647898399719963
251,62,35,50,5,163,4,19,8.800825496512456,6,8.556436641449466,17,86.54065126417976,26.4361745917734
252,56,38,67,10,180,2,14,5.449953524915111,6,5.146695240518275,3,57.58393765428262,54.13075563486047
253,40,39,44,0,192,5,2,4.408223884550019,8,1.057006038793007,7,64.36775084367918,50.53662364800698
254,37,34,50,29,48,3,19,5.9014248263237485,4,6.940723335309844,10,87.45423365222723,47.88000338705475
255,24,33,39,23,166,6,13,5.600767296602985,3,5.191630395745404,16,58.47841968370624,42.71212296581616
256,41,23,52,22,29,8,15,7.035554800878363,7,2.980575717948095,17,36.48189788656674,38.69087330200598
257,45,21,68,14,50,7,16,8.666367460406757,5,4.225393802238548,10,86.27556308435084,31.62178818064956
258,54,4,34,26,191,3,19,9.149937633273147,2,2.9833774358749876,15,63.02179930205148,19.598345421542646
259,45,32,30,10,157,8,17,9.069184512463051,2,2.6302583574278406,11,32.2434077731057,0.0
260,32,35,42,24,117,2,17,6.158053367338407,6,1.6360842084371219,12,60.44686649475181,26.236993116598974
261,29,19,50,18,156,9,21,8.123406060764097,8,3.627671331374759,15,53.0562704477487,66.44077247965213
262,57,18,55,17,93,4,13,5.87700518514532,1,2.5098720631607074,0,90.14740255054063,43.61826724866683
263,59,34,50,16,120,1,17,4.3654332594110965,6,6.834344870539171,15,30.084434508856273,41.02255021430807
264,61,16,47,18,75,8,14,8.209391593617653,2,6.8387674116330635,14,90.01678435584205,22.59948886172921
265,41,33,66,20,167,7,14,4.058965315418727,2,5.018402425556384,5,60.97688134482277,54.56737092586079
266,56,8,61,13,62,5,5,6.455095524750932,7,7.77944527470321,11,52.34915439849181,58.98777420426056
267,46,25,65,26,43,5,14,5.976275615812455,1,8.413397190060483,7,32.957374752235225,50.34488091424448
268,56,1,46,17,159,7,17,8.160265231113115,6,5.797664574342731,6,76.06543701109435,47.62550865754714
269,46,8,64,27,76,5,3,8.597472836562273,7,6.189351627634338,1,94.14453672880325,30.6690345482003
270,50,8,40,18,143,8,7,5.824567815827703,8,2.828859097863652,11,50.03018831194559,42.347782735816395
271,39,39,50,14,36,6,14,8.869762086669121,7,8.948692007055199,13,39.32680005366667,21.926231098387603
272,39,16,55,14,19,5,2,5.763500563029602,6,0.24206044422529827,15,64.38935335993256,49.35465913024933
273,23,0,33,3,82,9,14,6.677958159919367,9,3.4860246944284565,10,83.69487587470962,55.85794502664628
274,56,24,63,6,105,2,12,8.362111162084805,3,7.21800421549856,19,20.301415564042642,40.21777555284705
275,37,39,47,12,57,1,8,8.157521375348733,6,0.8008950967116124,8,70.51019491163433,63.00601695485733
276,62,24,69,2,79,8,1,9.9242108338732,4,1.8316952742829262,9,67.72128005589047,32.92992348428196
277,57,38,64,15,196,3,7,5.350966145295591,2,5.892857278628512,16,45.452174864332804,30.825311547876808
278,54,34,58,8,109,7,19,7.973907481237494,1,5.59993671463558,11,56.113840288397625,41.097221882684856
279,25,2,58,7,68,8,16,7.658091449654664,1,7.38928296130955,5,39.75705793294567,0.0
280,54,36,67,19,11,6,12,9.49059072694018,3,8.12612639088172,18,83.19085903614743,37.23793058923784
281,35,29,50,12,166,9,0,4.93817284986925,4,1.2857957851166912,10,70.76279466928861,48.16707453470766
282,42,37,42,16,74,7,1,8.510788981521598,2,0.18380989775242051,8,62.61692976311882,0.0
283,41,33,46,16,92,5,14,7.40961169761261,1,6.896385196589061,5,51.40209587342618,33.665626275929405
284,29,11,38,16,163,8,11,5.6479952187274325,4,3.013917957663592,15,43.31075088165857,53.4666520329554
285,28,18,30,0,19,2,13,6.846609484883045,7,6.259839139179536,19,85.81891888347451,47.01525276714217
286,24,36,31,7,62,7,1,6.0026595824187865,6,1.505445880622247,15,56.112613634685516,30.64515617555021
287,38,16,58,18,88,4,17,7.4758804167307655,6,4.690400466659629,5,60.11579358733382,43.78498746747073
288,54,9,62,5,68,9,21,9.334003664887994,9,5.044247460634369,4,61.66629844325933,59.62740962036945
289,33,11,39,2,159,1,6,7.415829906473212,2,5.850778163732161,3,55.86935483452612,21.99128583419194
290,43,15,69,26,188,7,5,7.7903345099595045,4,5.131700163305643,1,40.4870740990739,31.95076757030732
291,43,23,50,4,57,6,13,7.112487082688257,5,4.956907702287139,5,29.62723521944416,48.327919050525274
292,51,18,57,12,158,8,7,4.306993038672855,1,3.3273415398385553,8,27.882981373419256,54.23956396818649
293,59,7,40,14,132,5,21,5.397151341256565,8,0.7118023631808623,16,80.59700186725509,0.0
294,59,30,63,13,31,1,1,6.952010376592496,8,0.8952019679684231,13,37.882225784120905,26.93286313618766
295,29,20,37,28,109,1,16,5.861411702468229,6,4.337782744071537,6,24.453825196318046,42.582029534203095
296,48,16,51,22,107,9,4,5.090581586567165,5,3.5579312782099306,18,83.80139253567089,38.68665828739826
297,48,22,37,15,167,6,13,7.02479705151063,8,5.161348046744978,0,32.324932228851836,0.0
298,55,36,44,17,34,5,19,5.936858760687102,3,3.0483816925626694,19,70.01168733866832,28.951433547992604
299,42,15,46,21,37,1,20,5.548645859040488,3,6.879100914553243,14,47.091461715829055,46.43843166336416
300,51,5,52,28,122,6,20,6.783912504642284,2,8.639548220095106,17,30.118420535304757,32.029509854634256
301,54,7,53,21,54,6,21,4.799705548493039,5,2.988631887868677,2,53.15847834034879,70.25366491617864
302,49,24,48,10,77,3,2,9.566474398452444,3,1.929840079390286,17,21.18470889061001,0.49541276819751356
303,54,17,34,2,16,8,4,9.206212587515434,3,1.1618057425408912,1,87.28359860100483,48.542548360977754
304,26,24,61,21,58,1,15,8.245723514443211,6,6.162540405708125,9,61.07983690734858,32.96460011169102
305,40,11,30,9,146,1,17,4.637282965530737,8,4.438559911405694,10,31.132800872636945,0.0
306,25,14,52,9,173,6,16,8.655263526818159,2,1.8801571719628896,2,38.95842547111877,11.213776461267921
307,56,25,66,29,92,1,10,8.847743968654115,4,6.531367332918554,6,55.838015371082136,44.02550048258754
308,38,25,37,20,138,6,16,8.606587706286026,7,1.484831830052844,7,35.10955062524389,7.947268994328478
309,49,31,42,15,147,1,15,4.683795322715447,1,5.5430070584795255,18,41.48793292008687,49.86605930370062
310,51,9,37,11,173,6,1,7.8634477424065885,1,5.271483816252647,17,62.750845138821056,0.0
311,50,15,52,1,82,3,3,9.005948774496392,7,7.3422780118608335,12,86.60872104307084,10.757260648344525
312,27,6,30,8,55,8,20,7.464120407318006,7,0.5510963994066675,12,52.14717485519366,17.97038333205809
313,56,16,53,23,115,6,6,7.878444251368534,1,8.878729318513303,18,77.35802188428386,19.6359105421629
314,62,22,64,2,169,1,1,6.750180876557837,1,7.029917261468195,11,90.13473707685188,50.375769663629725
315,58,25,53,23,41,5,5,7.172243919304316,4,2.1612599834876223,16,37.30407522369296,63.667478222576406
316,45,20,46,29,15,8,16,4.206261150110351,5,1.8340534860973967,11,84.57535763217281,38.911390404526315
317,50,21,34,24,185,3,6,7.833778131839708,5,4.316602141437834,12,80.5921758664822,31.75050600937191
318,52,6,49,29,175,6,4,4.488683277346955,4,8.175653295445969,11,48.5549838358508,48.551398147274305
319,56,13,50,14,154,5,4,6.61008756604134,8,8.42949993139107,18,99.16159676006937,32.50559569749699
320,54,14,69,2,83,6,19,5.755930586004447,7,5.20456092139383,13,41.00578971487656,53.31697702299
321,42,6,60,18,123,1,15,7.272567701270279,9,8.608108626867374,6,40.38426128253565,39.69928004739645
322,53,8,65,17,36,7,18,4.800498013139243,7,0.05443709191690571,12,81.78073317225582,50.59241969388702
323,44,7,40,7,63,9,8,8.14986041183991,1,0.3517463153159661,5,54.77258544408674,11.426367231552797
324,54,22,44,25,187,2,4,8.770069221570822,7,9.118215936367427,18,46.46359958248346,32.14225897857556
325,24,28,48,16,172,5,7,4.980126698458939,1,7.753319298859161,18,34.29302442712824,50.92199952471435
326,39,17,36,7,94,4,8,4.625878524111293,7,4.507060582503857,3,81.22659447476352,29.004075391113663
327,46,30,57,6,136,6,4,4.873092896724155,8,7.536101314779872,18,82.90574449088616,14.457106930569795
328,63,29,34,29,162,6,9,9.26276537139101,9,9.556394617234217,8,65.32512025841123,22.3434323198587
329,52,38,34,6,165,2,1,7.1691355705381365,3,7.720895238812851,15,96.58508905530982,50.0528255069546
330,24,34,59,2,120,2,8,6.803565976045015,4,8.42371333818322,3,45.45306163381234,0.0
331,61,17,61,0,24,4,10,4.640270914614126,4,7.606065813900617,5,37.56952363834698,0.0
332,45,38,37,3,141,1,3,7.897336040541771,9,1.682110924335416,7,74.19734151475694,43.557274049158
333,53,16,39,24,102,9,21,9.20799755137054,7,8.335741096457367,15,80.67269126397638,37.19745372237478
334,43,13,67,4,132,7,21,8.969115215940718,3,1.9510882002421004,4,37.992477644145794,60.7311955822511
335,44,30,61,0,82,7,21,7.756328253884808,5,8.92611328044147,9,26.128861140889057,10.47433164183893
336,23,23,57,14,164,3,1,4.451672299910042,7,4.5864989808107595,12,84.84131892690976,32.001896809969466
337,48,34,46,4,163,3,5,4.674382163056078,8,6.769767523110285,13,98.12015789168099,11.597946650699717
338,63,33,60,12,156,1,13,4.295853922658948,1,4.972408478806435,6,71.57378288578275,34.061818739373116
339,23,2,37,7,101,3,0,5.544875298954816,2,0.9399092941660203,19,42.22935201151153,54.49248597047946
340,47,36,69,7,26,3,17,4.8139688029622665,7,2.907223076206651,5,99.73380868422336,43.31206751705247
341,38,39,54,4,52,4,6,5.560288241514604,2,9.83731853997006,6,91.4613309013662,0.0
342,61,25,38,27,130,4,0,6.31034833431377,7,9.607147516698173,4,61.07045170242351,0.0
343,54,22,31,8,50,3,0,9.657896704426815,9,3.2048689765554728,17,86.0257027873467,33.2859218141878
344,30,38,44,0,179,8,0,7.662256358690152,2,9.962968042452259,11,85.26564186103735,10.325649266552341
345,64,14,32,3,187,8,3,9.009842714097774,7,8.455511954968996,5,94.78391757387996,16.579192652014573
346,60,3,65,2,177,1,3,8.262109004273993,4,6.109594994322547,0,87.2739075018768,0.0
347,50,28,33,1,48,7,17,4.675018783159791,2,0.4012462026100949,3,71.49433887657315,0.0
348,63,21,43,7,122,2,10,8.415522438243693,7,9.014468295383795,18,68.74429751652059,19.06363880667119
349,47,24,54,22,160,1,0,5.650593289354747,5,5.574292792643197,11,57.38858306652894,30.554578783309818
350,56,12,39,8,120,3,9,7.834647081968238,1,8.684761512027695,14,70.11885119766059,53.66694112453082
351,46,17,50,1,189,4,8,6.045771841857931,5,8.344291199057423,2,83.61732692243062,31.280885735126084
352,45,32,65,13,56,6,3,9.986033579587955,3,8.33006215201086,19,97.52301010420426,33.49636846223006
353,34,15,41,13,72,5,5,5.581308876980667,7,6.981738607149051,7,57.38298865456961,47.64046354633372
354,28,1,56,3,119,4,15,5.674782824645618,6,2.9141513867604862,10,65.89225623910056,17.695601024406656
355,57,34,69,29,78,8,1,9.58403353337439,8,3.3616025774451987,15,55.58443960470254,42.000409163641244
356,41,33,31,5,52,4,17,4.147866427817936,5,3.084692125826863,8,73.47908967867232,15.409897534523346
357,22,29,42,10,185,2,9,8.180133927239181,2,0.20045999532564696,2,70.39364032490076,32.48754345506537
358,29,12,61,2,43,3,16,8.35195834441527,9,5.825689092148112,4,21.426703215489866,59.141273574361044
359,37,12,60,7,49,6,12,9.018271464462396,8,6.988336704460329,19,63.292924728052675,20.188959733554523
360,35,17,45,2,70,8,17,9.846635863830851,6,8.538659935252035,13,27.078951655921124,0.04846255895348578
361,33,31,61,13,187,8,21,9.853611514939914,7,1.4016543338273035,14,22.110689440443068,0.0
362,44,31,61,27,71,9,12,4.391660545398784,9,5.441831489768018,5,83.29577296677586,0.0
363,36,34,63,12,67,7,16,8.931035936517414,7,0.0800814067378286,3,40.69198897274404,0.0
364,49,38,40,12,170,2,4,7.877859601944288,3,0.9509364771072948,7,47.25240618298394,0.0
365,55,28,39,1,84,8,10,7.884052806238547,6,0.5421174420599306,18,25.126767008325295,18.250701715386384
366,23,28,44,12,25,7,6,4.770099559688169,7,7.25478034015487,4,34.36002083954805,65.14368390655407
367,53,15,46,28,91,8,9,7.9011229986739195,2,0.8105956387760316,12,81.24838546062338,41.64795928709898
368,44,9,69,18,103,3,16,9.894895483607486,3,7.1645298155879,15,59.482466418609675,52.10758762549494
369,43,29,47,26,57,7,14,9.470911417236682,4,2.496247044105834,0,90.45347700401187,36.31746945423123
370,46,24,38,5,147,9,17,6.634783964829103,6,8.777129606969394,12,51.77937051734681,47.231445951889214
371,43,38,54,15,91,3,21,4.2396878397165665,1,8.131499883638142,10,41.496058860341456,25.942548178358933
372,43,19,69,1,47,6,18,6.1737609400012285,9,9.578302174752766,7,47.80798515669208,33.33325401489416
373,63,4,43,7,136,2,1,8.95834186960333,5,8.83762015458032,7,77.02174348135236,0.0
374,27,0,54,16,28,2,3,8.208994608790995,7,9.333294191163473,13,64.40045378675889,47.77094145322682
375,36,29,51,22,173,5,2,6.756061933563738,9,8.587423965133077,12,92.33529660419423,0.0
376,64,2,59,1,196,5,6,4.330609210952987,9,6.933819006148553,2,68.17350155111066,31.679788586527657
377,58,13,49,9,72,7,17,6.561368366939815,1,1.7025915212543596,3,59.441456678520254,12.010456836627329
378,54,29,50,27,86,2,9,6.814149638307301,1,2.7170751885409294,19,82.86021791093863,42.92474794506798
379,29,3,61,15,183,7,6,9.571333197364815,3,2.127269661302731,14,95.80270805867562,61.133715366868074
380,26,17,50,5,140,5,7,7.846516621492957,6,6.035857876582056,14,48.467672899597645,32.2784367309507
381,60,36,64,27,111,6,5,5.869917499927894,2,5.036199379736014,12,39.99009681323821,0.0
382,25,24,61,1,74,8,21,7.1519095867043285,1,8.670799971584236,8,69.29739170353113,18.54331185943542
383,27,0,59,1,129,4,0,4.39633184693296,1,9.526728664990756,9,59.90982569231048,56.77267233417168
384,53,14,68,25,100,7,3,9.835409413898422,5,4.048598896181444,11,99.13484598918268,26.324160202918378
385,51,8,41,12,17,6,13,6.160359411584356,4,5.063505532808124,13,56.98894273181867,30.46790943796575
386,56,14,47,23,188,2,16,6.867204129478814,1,9.715163568041392,0,25.946524108827667,45.892849727043256
387,61,23,50,14,82,8,19,6.131703845421535,4,2.7623894162314357,13,98.18952486221087,50.87057504275948
388,37,3,42,27,143,9,17,8.095070380697202,3,7.923907753588137,13,87.4869556474832,24.394776344868678
389,34,11,50,1,116,5,10,7.973392949977558,2,2.2523990233524627,7,34.260011516637064,23.92946448296346
390,63,36,37,6,98,4,20,8.291933863174814,9,6.81460115425272,15,92.36842024902954,52.88923853399096
391,51,36,69,2,48,6,13,5.608859377671525,1,2.5361562763856416,13,47.253345665739566,28.34615015284582
392,40,5,36,7,122,8,8,5.894010886984396,7,8.837333888313868,0,50.16895876275556,30.02336111731438
393,38,38,52,22,197,3,14,4.751507386577248,4,5.614779437366768,15,92.51131858897274,20.718304786055597
394,40,23,61,13,37,1,11,7.933059831076676,5,1.8593364087438458,17,62.409245202825225,59.491021682619994
395,49,10,40,23,106,4,9,4.238782764013916,5,2.2436917569848602,6,31.02103435188157,38.08606319473526
396,47,12,51,29,191,4,18,7.586094013140754,1,4.938491957081003,14,49.524492747344325,24.551886029332273
397,58,33,51,22,46,1,18,9.218175309109803,6,9.616020255748788,16,77.76779570143046,39.26347845224762
398,47,24,54,26,146,9,5,9.344992889737801,9,7.6964216388365445,18,33.934735045441336,13.108365567286839
399,44,6,51,21,91,3,19,6.69422656221977,2,4.883096428258451,12,67.2184957925087,46.81205788447473
400,30,3,57,28,65,5,5,6.755822129278442,7,3.377191445622171,8,75.62193063555335,0.0
401,33,7,58,6,196,6,7,4.461815098048104,6,5.492684933484426,14,47.50828604340634,27.773289099692395
402,22,19,42,20,94,8,0,8.024590152658215,5,7.483608334286197,2,75.5104550966658,0.0
403,22,28,47,6,11,6,21,8.927556522237072,4,7.839285884528,0,90.7365881463455,17.278821316453257
404,55,9,31,0,198,3,16,5.467930327628278,4,3.2460879809694463,15,57.769339538659274,28.72343106800378
405,53,33,58,16,67,6,16,6.527805289800188,6,7.211592682138772,7,50.63274625438285,21.99100298574256
406,46,25,50,8,116,1,14,9.033036020591622,4,6.577887800361861,12,40.09267210866285,34.057261991679766
407,61,2,44,29,132,4,6,9.262722805973727,5,9.591122919962938,7,68.33643838906434,0.0
408,22,5,56,20,197,6,18,5.459079881585356,6,9.310902905080148,16,90.38816384309727,0.0
409,37,4,60,12,177,7,21,7.303423807248185,5,7.893793256035771,13,45.97290137481552,65.5919416578066
410,60,4,44,20,173,3,2,5.154958903814962,7,7.233946888549284,6,51.698841962984275,43.29756908839781
411,26,22,52,18,123,9,21,4.611272584837339,9,2.7404158970427583,14,52.53004140399871,80.02377651554752
412,43,8,53,20,116,7,10,9.466723008351746,7,8.459652560985333,15,64.86498734220137,15.36864966772955
413,50,34,42,18,46,1,19,8.923045025392655,7,4.275057037133662,18,38.27271692539509,40.264251113704674
414,24,19,51,24,88,2,18,8.560209410819043,4,2.7224054250604466,5,85.77689242461634,49.99620153084084
415,33,34,66,24,101,1,8,4.2925979128788425,1,3.841607579534625,0,43.6481822003377,45.53670376566944
416,47,17,62,21,27,9,9,9.062372756261546,8,8.35935490016508,11,76.42901527173456,14.017963575500838
417,37,16,32,16,107,9,1,6.628264455432302,4,1.48633215577885,17,61.05725934236416,32.175789692305976
418,58,23,48,22,72,7,0,6.054370739775158,1,4.561587411198225,15,66.87180826822055,47.04843973580748
419,43,2,52,22,159,3,15,7.278858166152259,5,4.923575945294897,11,34.36869910618423,47.25258538783493
420,50,31,58,29,148,5,17,4.548119456341335,8,0.366296975988194,19,78.80185585425365,54.538975196287616
421,35,34,59,9,195,4,16,8.539879296114393,4,1.9574602954816533,12,35.08964152341049,0.0
422,49,37,68,9,194,7,5,7.494610461329775,8,8.267424285758565,7,29.07789101019513,53.0473413833023
423,26,12,54,3,13,9,13,5.119540581239005,8,8.307673885947606,0,63.734359991102956,33.53846066006233
424,51,24,66,7,144,2,14,5.129393198614274,3,2.92415083884248,6,76.74377095341322,24.196071341748734
425,26,8,37,21,70,8,13,5.105491909436045,9,8.748972345979261,14,24.00286691478054,41.29380650059246
426,33,3,45,19,116,9,21,4.342014325311604,3,7.7178293906834785,12,25.551625195243368,27.877571305731404
427,37,13,37,19,63,9,2,7.526790696230108,1,4.1790748379540945,12,84.21433301647352,32.91017743495999
428,47,36,30,17,97,7,18,9.042089065531048,2,7.484063444050379,8,84.72261596058657,42.29366169540049
429,47,33,34,13,77,9,11,4.104989283924332,6,9.613346311948062,14,39.6243773647265,42.686560716307575
430,42,10,32,17,138,9,1,4.294027869827641,2,4.589697180653488,3,69.21825622401627,56.919068783103356
431,60,2,30,27,64,3,2,7.436621660121675,6,2.3842717895348366,12,55.45440601157276,0.0
432,57,27,33,13,12,4,17,8.916974112316314,1,9.418165000501558,11,70.61568331228104,0.0
433,54,28,69,19,175,2,0,5.960433343411801,1,6.037442885632565,4,89.030342727938,67.56044273061292
434,51,8,64,20,130,3,19,6.097686392846333,5,1.0526516248042528,6,26.38851396658052,0.0
435,58,2,61,23,138,5,20,7.578078984980656,9,5.726828158566894,7,82.23875407907634,77.5087752844468
436,44,24,63,14,111,5,5,5.645277334744882,8,5.005808894482987,4,59.442328361683145,34.31952959272572
437,31,33,54,21,47,6,4,4.159650196466105,3,8.555888940755633,8,65.13015550095972,32.01247752168732
438,26,11,39,29,94,7,0,8.411371108609575,3,5.306951897635214,13,72.31450880136961,40.263653587267875
439,57,8,50,3,166,7,18,7.7538994776487185,1,2.5523243434428347,11,93.80985193032859,0.0
440,55,14,68,12,142,1,0,7.484535994333955,3,6.756440638648885,3,24.537596284139028,27.238609383797797
441,52,39,56,26,101,2,20,8.450104773950939,1,5.425754525355801,19,22.358108169955813,42.885544689003375
442,31,24,56,22,30,9,20,8.051385025372225,8,2.3304462826687242,7,34.260942519101874,47.87421385388662
443,40,4,31,7,118,2,15,5.235291929069927,1,5.7362785794290785,16,98.91581808213891,23.13134144991237
444,53,10,42,17,56,6,11,6.114886281660107,5,8.21535577889686,7,77.20610939022205,0.0
445,22,33,38,11,93,1,21,4.75666085007175,9,0.28570917724010436,0,69.17128952436016,58.4580215070444
446,26,23,65,22,92,3,7,4.779142080507286,7,6.308510386451117,19,23.763124273179834,39.56675261480299
447,25,14,51,13,44,2,15,8.057174478139235,4,3.4958519578439207,1,90.32881791143718,43.716148991421306
448,37,37,55,1,78,3,0,9.151600641894989,9,2.9267144575942416,3,85.02054826377277,24.538635524848083
449,45,7,41,17,138,5,3,9.776395503166835,9,3.9258775036111127,0,73.18400350936679,22.275768023849093
450,37,4,46,23,149,6,9,7.770082705296666,2,3.4202266424798164,6,47.13046523877622,51.42837629258268
451,23,25,43,1,197,9,10,5.104607940165742,6,8.322391067084416,0,25.640396445460585,45.62228347909769
452,49,17,43,10,36,4,16,4.6339020726935845,4,2.7479781076790055,8,66.4030790320738,14.264704088971177
453,53,5,63,8,65,7,6,8.877105829220547,8,7.331530231065853,2,77.575565716867,30.562335820244773
454,48,36,49,11,32,6,11,7.472538858159996,7,0.9405982022858872,11,27.539228038179793,48.77350627121151
455,41,12,40,16,162,2,20,7.709710126082319,7,9.513963724844155,18,70.70141278387968,0.0
456,45,27,45,14,30,8,6,8.688772532528255,9,6.223166372485518,14,42.90928543097269,42.97796597395313
457,33,4,60,24,70,7,11,8.219663366394709,5,7.067185770445601,15,81.13953769758494,38.27338071030207
458,56,12,35,16,72,7,14,9.00674951713658,6,2.98039332094451,9,63.16926804814696,29.113767784024045
459,54,16,48,25,131,8,1,4.337283432759271,1,4.120965687081146,5,30.322943024834935,40.23839369346205
460,54,39,66,28,61,1,13,8.485123820479028,6,2.2377838627097626,16,62.12155581865888,60.017096290010706
461,64,31,33,25,97,1,12,9.105116543932573,2,9.32536085802224,16,51.658949069337496,32.235941578605676
462,58,28,33,17,162,8,3,5.716810254749886,6,4.881044471013777,18,34.42847746253215,42.998086948293434
463,33,2,49,21,64,4,13,7.842683643959517,9,6.3044811565799,17,87.32125792496986,38.971306217032975
464,24,39,39,5,55,5,13,5.884972383021832,8,7.342720305307155,10,20.882275879930894,0.0
465,22,33,53,16,41,8,15,9.747826398894723,9,3.7110609109953896,6,44.97026215024847,31.568068129344717
466,54,39,64,22,64,5,6,4.200541434613022,8,7.201016545391412,9,21.007603053554142,65.66769673462919
467,61,26,55,23,105,4,18,7.4787570629977305,3,6.759924897563402,6,27.680555720492215,50.150719862985504
468,31,12,66,17,142,6,1,4.9990212822970905,8,7.056593338739465,4,43.76769753384649,0.0
469,64,32,67,7,45,5,9,8.273321231062951,6,4.892299002046129,11,24.341694831149887,0.0
470,50,5,50,8,119,7,17,5.055341700511972,6,3.829373822916171,15,67.7304425885713,51.30928176501487
471,34,23,69,5,186,7,16,5.412299571390145,6,2.2208218820898984,17,26.94903263889462,56.446195360534695
472,33,18,68,4,115,4,4,6.9662248662745485,3,8.24626352800893,2,76.13709072528762,43.77041455225617
473,52,15,50,11,67,5,11,9.489009699981269,1,6.083500465316787,19,24.211369010172888,10.362853009079007
474,23,39,39,24,48,3,5,5.270286232887825,4,4.44352196097495,14,24.744711584087746,21.908501128588327
475,56,27,67,28,89,4,21,4.865440126708621,6,9.439959067106114,4,44.42607192266131,63.34936176654202
476,44,32,33,27,106,4,8,8.553860991124184,2,0.4783881250703881,12,91.7257219975422,0.0
477,38,12,49,10,122,3,19,7.003717194003586,7,8.501719452050477,18,71.31145989786532,12.716170477288706
478,47,24,46,24,70,5,0,9.470710674290629,7,9.975825929459724,11,81.61050335431355,27.38099533514375
479,29,35,36,0,146,5,21,4.879687342959054,4,8.869421108828673,4,31.324168758168483,0.0
480,50,26,33,10,15,7,14,7.875567358138236,4,8.104365856156253,5,86.73003465977968,0.0
481,47,37,58,18,118,4,20,5.39727487691089,1,3.7430599340632464,6,20.651699855538812,26.613685002473854
482,31,6,43,8,44,4,5,4.940562571909836,2,2.313141822622935,9,37.04458805864049,39.15249641569551
483,47,4,32,26,48,9,18,8.100576490943624,9,7.348505204996011,15,69.28738569199948,22.391473726771697
484,55,30,53,1,159,6,17,7.562107719452399,8,3.045753662885684,7,50.01971268752403,43.18612955566655
485,62,22,66,11,178,4,5,8.528964750173987,8,1.7603968215497068,8,98.73547133748508,0.0
486,28,9,45,3,127,2,12,5.856775458677094,9,7.865258871035913,3,22.42713974546546,25.250838069572854
487,25,31,33,3,14,6,0,6.68782993829314,7,3.125436522367222,7,99.88785343492346,0.0
488,32,29,53,17,179,2,12,6.43283005798251,9,9.144417294873383,6,69.89022662890528,33.951565715257594
489,50,38,63,14,96,5,6,9.904536783799085,2,8.406326448191253,14,64.69655956768773,30.67781121340812
490,57,30,59,18,85,6,14,5.753493740436327,6,8.476403295092553,2,24.76099540511795,41.22686414055804
491,46,17,47,12,167,4,11,5.768903430080601,3,7.715697260558262,16,41.866310133271256,74.97001715122838
492,42,35,48,18,66,3,0,6.127289252971645,6,8.808814237747367,10,93.97301506332765,58.91662451253721
493,57,1,60,16,136,7,14,7.387564487741929,3,8.0574689217812,8,48.33968025513954,11.609587049305501
494,31,13,48,5,38,2,3,5.513936465582471,8,6.025113635747287,4,72.93225603738009,0.0
495,58,12,48,15,174,6,12,9.491739642275643,4,2.9582271858186315,9,99.95970803349773,20.544564835363044
496,30,28,51,23,96,4,4,5.594113389197581,6,8.88209193214149,14,41.0455771066833,0.0
497,45,11,53,11,150,6,1,9.374894389361168,9,8.406036227731919,13,66.08647032115951,11.38128308702814
498,56,38,41,18,169,4,0,4.620850381879508,2,4.728793222105451,3,75.71502341617705,36.643584452774036
499,56,1,59,4,55,4,15,7.939376214397914,2,0.3907868600195519,19,33.17017972523321,28.265459143811043
500,57,31,67,16,125,4,5,9.441913110629462,7,6.385437274019134,1,31.893805095694567,23.59787495241774
501,39,12,60,25,121,9,15,5.012496630389377,2,0.5059685367658173,11,56.50463293265386,79.26989954365268
502,60,26,65,22,160,7,13,9.809961760595531,2,9.262799618484072,0,50.86500174074315,19.349131668631895
503,53,16,48,25,54,3,2,6.71730016249307,4,9.61631256625307,19,77.1372349485851,26.842921110316233
504,45,39,65,28,154,3,14,9.674290650646146,9,1.8949014589960422,4,25.5607017158869,54.09121921927782
505,44,30,59,0,113,6,2,8.060920261780282,8,6.7638937805490995,5,97.77332989925523,30.08587848388399
506,53,33,62,27,94,6,1,5.80952121924131,2,0.9226900456276277,10,21.14215853486659,29.86840424949355
507,58,23,47,26,143,4,0,5.1298151495026385,8,7.295169285731221,7,68.1053459468921,0.0
508,33,34,57,24,117,9,8,5.822410277350596,4,3.4728766615267457,6,65.01060766939106,74.60209898853832
509,34,5,40,23,27,4,8,4.55810445557605,2,6.810501117304453,3,30.77725846957806,30.372606389781556
510,44,18,62,22,103,9,6,4.863207798059978,7,3.7287650920217787,5,32.07327861708238,0.0
511,46,29,46,9,159,4,2,4.627962642078887,6,1.4556750983323574,15,83.41419902357015,52.477873259205744
512,56,6,35,14,42,2,17,6.537661262449347,5,4.061099805025579,19,91.00499667301465,30.65602972395149
513,62,9,33,22,167,2,10,8.773470257545519,1,1.1267352663479002,14,42.64135727070156,70.87450100488398
514,51,31,49,20,135,5,6,4.848301325298041,2,5.768832749769458,13,55.03711711700547,28.506959661086427
515,38,33,56,20,169,4,8,4.781922599034015,8,0.40951532149479775,11,48.39960328306829,78.4416389840709
516,41,27,44,10,179,7,0,7.860573697103985,1,5.273196795998597,11,25.80376103893215,0.0
517,46,14,35,12,131,5,13,5.183097891808398,3,8.86368647095541,15,73.85633968126476,26.40838925269519
518,43,29,43,4,147,6,19,4.58566022865395,2,8.378732701193627,14,86.01543478445521,34.90438730732554
519,34,36,40,0,124,4,5,5.001091469233466,5,8.827816996264968,12,44.390348591296565,18.97125645248369
520,40,28,68,23,173,2,6,9.542388375260657,4,9.220488021271073,10,99.21406349045746,24.5469180962321
521,57,21,38,11,171,9,9,8.928827516657144,7,1.0452788787569423,16,26.068124582588396,28.55596488556518
522,33,3,55,10,37,7,6,6.124387374130564,5,1.2874720287571306,14,72.94325710516168,0.0
523,62,19,45,16,20,4,1,7.934924603964356,8,5.570068063131286,13,55.85824116208712,0.0
524,40,31,34,3,176,3,3,7.223654042008229,4,8.939726684244292,9,55.72815208853247,31.173408265779518
525,33,35,39,14,56,3,20,8.062745580895385,6,9.743494565240308,11,56.61164928268322,25.5116151630715
526,30,3,32,24,136,9,16,8.096026914776555,4,0.4626191733999996,15,40.694541904114274,40.268930554851096
527,28,26,42,29,156,5,0,7.772404090359958,2,3.5577408420066012,14,77.2450261865786,42.220848565758885
528,49,16,59,8,127,3,9,5.5966082112238515,1,2.1289425465999345,9,77.72612208680215,39.74050526750365
529,35,11,35,20,152,5,18,4.234038524576909,1,7.559658489312481,3,42.59176880846616,0.0
530,52,21,46,19,135,2,14,6.733400691940653,8,6.40193868537032,8,86.82451686867601,37.156917163389075
531,40,16,48,18,165,4,9,9.345843308144223,4,1.1988803148384541,19,45.3475954920264,45.78860625622196
532,37,9,64,18,161,2,18,7.416983551111455,5,4.835220673649715,8,78.00744991892338,46.1142076939675
533,26,0,55,11,81,2,11,8.994346250211446,8,6.854405223712914,19,29.679981400965314,36.97535166794909
534,56,21,34,4,116,8,15,9.949746057767369,7,7.7900539392403765,10,33.496131424299655,21.648891274330218
535,33,25,58,9,146,1,8,4.981697224829658,8,0.20052709784008527,10,45.263651560660094,71.08246853433596
536,46,17,66,16,184,7,14,8.150665834851894,8,8.904695739838898,6,67.50990141342892,44.196418112456705
537,42,13,49,4,42,5,16,8.045761442200147,6,5.692813829505244,9,71.64091883829595,13.9708454700154
538,57,28,50,21,199,8,13,9.87973268414967,2,8.119091149599047,3,51.70849375739799,18.702315601068563
539,44,11,39,15,28,1,17,9.913604403716802,6,8.079380300142834,4,26.227132248841123,21.407836565662627
540,37,35,34,6,83,7,1,8.120071670344776,1,1.8985266027096914,4,49.89077216741794,29.334446816841275
541,60,34,65,27,177,5,3,5.461688751893165,1,1.101721202536331,10,75.10140127673212,50.84466718612837
542,63,11,35,8,184,4,17,8.791335028783594,3,7.2128726897382665,8,73.67963689042527,10.19553902415058
543,60,6,55,2,166,7,6,4.642174805266229,3,1.5642691882161908,15,32.81571305643542,44.76032589239436
544,35,28,33,14,187,2,12,8.684195825029771,5,8.499374914047237,8,20.622717621517374,0.0
545,52,10,68,15,107,1,14,9.46117674486818,1,7.261894838621052,3,80.23852938368934,48.00632694051789
546,26,32,68,17,150,1,21,6.297000368610611,6,8.418253643652626,1,28.509453310819495,27.5130707950017
547,56,5,64,13,138,1,0,7.783811769898483,7,2.9901267960934605,13,26.58793151714284,0.0
548,44,14,30,2,171,5,10,6.580856392580958,3,3.16598060410569,2,20.21609734673308,21.551101729335013
549,50,31,53,11,102,7,9,6.626590329928771,4,6.712215563463176,17,54.60810607655418,64.66624734451177
550,64,10,65,8,185,2,4,5.86222533464872,3,0.3144595505894754,5,60.26111207206515,0.0
551,32,22,35,27,57,8,15,8.572777722701947,1,7.2649674633742265,10,71.01312369188724,0.6177194990119412
552,39,25,60,6,186,4,10,9.617059384999031,8,8.357830708546013,17,43.68510725700687,20.256315552670344
553,33,33,49,8,73,3,20,9.644505155406767,2,4.15163586604104,11,76.8339773109424,41.80095062645784
554,30,33,53,12,70,8,5,5.048687709249603,1,7.648788300884687,4,33.546548592555325,44.438738146639324
555,31,28,54,17,166,2,8,9.248461897939396,8,1.7461091698226194,8,86.55920424882778,45.42171282502361
556,38,3,65,4,48,3,12,8.424588648562732,7,3.2226039381948466,19,65.74786631123564,43.72871502679217
557,59,16,50,12,137,3,7,5.517024404141735,7,9.743049631104775,17,66.71118586976388,0.0
558,28,34,59,3,97,1,13,4.403707677529088,4,9.863281735601262,18,36.782033102328654,51.8420981365379
559,34,12,53,1,35,6,0,5.607983601306268,9,5.126050530215879,2,25.92869994403106,39.245648370725945
560,61,38,59,15,26,2,16,9.473249420689154,6,9.34269791463877,8,57.17798424645372,0.0
561,63,14,51,8,80,1,4,7.799072049374634,2,5.227306780568545,3,69.24895615378873,7.524034178097659
562,30,28,57,8,22,2,1,8.32632796538723,1,2.915881281611573,16,27.603716692934846,33.36371792636383
563,48,28,36,5,78,6,8,5.542914106654575,1,2.6689928809877186,16,96.04275796225333,7.925196888719439
564,23,10,64,10,35,4,3,8.316328933448922,9,9.295057053681488,1,98.43314881862455,40.629071467827345
565,26,31,57,21,58,6,16,4.168729037667543,4,1.724463889738591,8,63.636535631399354,45.4332404443314
566,50,1,43,23,16,9,16,6.251928074638083,5,5.7963245820181815,8,96.00553242187249,66.68252077830819
567,58,13,39,21,67,8,20,7.760520091253987,3,5.555250680627196,4,34.355619006468245,36.24038817862243
568,59,19,45,0,58,1,17,4.876579393247921,4,7.396216846529949,14,22.03365481436199,36.47395697691546
569,40,21,45,3,112,8,15,8.938021446681608,8,4.992429075247747,14,23.152762823231193,8.219971512093297
570,29,10,60,12,62,9,7,5.410187792871512,4,2.722856607081342,2,67.00099835414233,27.01685763099982
571,22,26,54,22,71,6,10,7.913686676910677,9,1.6939649963157855,18,24.931350674945882,53.892130445401556
572,43,2,42,12,26,5,20,6.431182855451978,9,6.208188035058918,2,96.68364854592697,33.56740491147514
573,38,16,35,12,180,6,20,7.576261572865883,6,7.189907568532331,5,31.354656860751888,0.0
574,28,27,38,1,34,6,17,4.644703315773449,2,5.695212786820326,3,44.37782448423829,34.447259501217125
575,46,28,65,8,140,9,9,4.101476799529644,7,7.383512771211947,12,85.80142415986788,50.44662943204524
576,25,20,49,23,38,4,12,9.457386564281807,9,1.4152120244996014,12,37.49922584832745,0.0
577,57,15,47,7,126,2,16,5.617780052603097,6,8.824701949431354,10,39.43747667636565,50.642321401790625
578,27,36,50,6,169,9,17,8.918062016682754,3,5.82395508408503,4,71.38471646328145,15.845076562971439
579,52,19,33,3,35,2,9,9.996101802833202,7,1.2684392689259716,0,42.086887079140986,37.05748745265133
580,40,5,62,17,133,9,15,5.268587547993467,5,4.61925204205735,8,37.395810720616026,58.43617880051841
581,60,18,56,2,153,2,19,5.591024447100134,1,8.447917378659115,16,40.3342171444526,36.752420389610954
582,48,4,36,27,34,8,4,7.977158725807994,3,8.9756219345316,0,59.25179994725815,53.18604528550796
583,31,2,35,5,63,9,12,9.792691807603727,5,2.6464950499876148,2,97.28798981851857,18.46122935624932
584,47,0,44,11,165,9,17,9.494886089144464,7,7.11265824710453,14,86.57903532489827,0.0
585,40,37,47,11,82,9,16,7.01725312039351,3,0.9998524748377668,9,42.76882116481417,19.842824445179925
586,60,14,61,20,129,2,8,8.770661695160348,6,0.3354587141215781,7,49.06985667984782,54.52331442617209
587,24,33,40,27,65,4,13,4.814475118599407,5,5.603989538199428,11,57.160980040326194,38.67362044593021
588,34,34,49,7,74,7,16,9.864629105224074,1,6.948275793281259,14,98.31437176135923,13.91816257695953
589,49,24,53,21,102,2,3,9.786119404215919,6,7.95786731176502,8,33.791237466857254,5.157652946714938
590,41,23,44,21,95,1,17,4.982373747275026,8,3.4021623845533466,9,48.59864827935063,41.5318660885069
591,49,11,36,0,89,3,19,5.79653874881864,1,0.06525410428886991,19,78.3540875186172,32.13617282095395
592,29,17,50,3,178,4,14,4.600929985040602,2,4.795192371113538,8,97.11549874151547,43.09607601060183
593,62,14,55,20,117,8,10,5.630305593389078,4,0.1585354537356698,14,32.454017021139016,58.137925207452724
594,60,15,43,27,188,6,11,8.895734736491239,2,0.9198451067079993,0,38.19039633554766,21.81382545548373
595,22,26,66,10,127,2,8,6.269893642991557,9,3.266890225317484,1,38.05557395123442,74.98239088476261
596,24,7,50,2,166,9,12,4.53038180288055,8,4.371720495601772,18,21.67456235936588,0.0
597,34,24,47,12,92,2,14,6.053353148673427,8,2.7946944122964856,13,68.32924999847596,52.40483240143095
598,49,16,34,24,156,5,14,9.88830000544768,4,5.818652665047078,7,73.6562459316715,26.413108070282966
599,46,28,32,16,178,4,4,7.778101571555218,5,0.5534978921809519,5,68.20207121002028,31.970602474097273
600,54,7,52,21,182,7,18,6.496965678436947,4,1.4457971023958471,11,25.705839153025146,43.61264643548727
601,59,14,55,21,24,8,19,4.99923108098362,9,6.952584007554336,14,25.538410059650538,31.795025517427554
602,27,26,66,9,140,5,13,9.91706078370217,2,1.4214085359791773,13,36.830924359529924,30.17244751617893
603,53,6,53,20,148,5,16,8.925094055578771,8,6.397752015704224,0,43.22356125591317,15.093184045906607
604,42,2,48,11,190,2,17,5.688863814705517,2,0.5468462075336555,10,82.92349247280379,33.99193921389851
605,37,28,54,14,183,8,20,4.4204121743271365,1,4.073822791191404,2,32.75122125991369,36.22514286772167
606,42,23,50,20,39,2,2,4.339753344265349,3,1.7740947012118236,18,23.52737731180257,59.30484237969496
607,32,2,41,9,66,6,1,4.722268897033203,9,1.0963628253518642,17,51.51900061704441,42.06908703185929
608,58,19,62,13,155,8,0,7.48461150168653,3,5.670327835012276,19,53.31137361135362,31.046919054710806
609,57,14,33,12,188,6,9,9.572580527232954,9,9.283357720056218,1,56.07258705511634,27.93579346167198
610,56,24,36,4,137,4,18,6.980460568035907,7,0.5478704792354883,6,86.15228352215749,41.16376724051319
611,40,29,51,5,57,4,16,9.057672894737184,1,4.215542482180342,7,27.840433189675338,20.82466521125237
612,41,13,62,23,145,6,11,6.675319719158847,5,7.0753543774544365,18,76.31536659375698,46.799772212430405
613,39,6,46,1,31,4,0,8.251501274606952,9,4.62687831687827,14,47.03564568362326,32.71466053143353
614,62,16,53,21,15,8,11,8.391236423719004,3,8.064959461052453,9,44.798410914837596,22.316999969824934
615,35,19,63,16,194,9,16,5.043782235420032,9,1.7964531586413168,0,94.6034500868784,45.41190878872369
616,36,35,57,3,113,1,2,6.167296353854871,5,9.595942050277404,5,39.87748195333936,50.376077405364555
617,52,8,68,13,45,4,10,7.8238129392281435,9,3.851626277725405,12,71.40254682714931,38.05742147531085
618,22,37,51,9,88,4,16,4.424179649106197,6,3.415696329442751,13,42.010220590087364,50.1407345953839
619,24,21,46,2,125,2,2,6.16924112657774,9,8.746057945031659,2,60.571510611230806,0.0
620,37,1,63,24,66,6,7,7.208796797687155,7,5.638670318917666,10,82.90343140770223,59.61891266274834
621,44,23,35,2,58,3,19,9.977346958267832,7,5.164443419028215,2,90.53780188130085,17.09727507292484
622,32,7,35,14,182,7,3,6.847201375734644,8,7.269779195284309,18,87.09577922360403,39.51655981653739
623,33,10,63,5,91,5,20,8.896340542685941,7,5.798342382810904,9,66.57445889157118,32.837284340427786
624,31,12,30,16,75,4,21,6.592403710399706,9,1.6251564475711533,14,39.90530522705777,45.076346643316455
625,53,16,39,11,86,5,6,8.778344335718254,9,6.741976228649297,10,72.89867066094926,0.0
626,37,7,50,21,54,8,13,7.57248880972065,6,1.3346887928212847,14,76.79240366236864,39.16414027972552
627,29,20,34,19,88,3,13,9.31957264901439,7,8.05857705334062,12,20.855359209080113,0.0
628,59,17,31,23,29,7,3,6.465655314100659,2,9.89736597712271,4,55.13684087454997,43.403722378749244
629,33,29,51,28,132,6,15,7.625826518928873,9,3.773876249747763,3,87.46096342574114,39.91301751841751
630,45,17,31,10,76,1,21,7.7801120837129645,1,4.447558982020126,12,59.167007699443786,32.67225091630845
631,49,30,39,24,92,7,0,6.50429765080284,1,0.4643365548281231,8,44.91003537306569,48.50069966678881
632,29,37,63,3,12,7,16,4.865872262124889,3,0.13733188082578285,16,89.74382168197302,42.29037525671655
633,49,31,45,25,191,1,9,4.561356441474013,6,9.214193348763276,1,32.47045580238446,47.63944739661863
634,57,10,68,27,73,9,21,4.100029303597799,5,1.2862406043919206,4,36.51561859329603,44.099654724749975
635,47,24,51,25,49,6,15,9.241205585471288,2,4.457787475594703,15,74.98978935489066,37.55234140790529
636,29,32,41,5,68,2,15,5.418849473432167,9,8.153546238555615,6,48.194875322125995,38.14487153003203
637,49,37,53,0,192,5,7,5.269040495690608,4,8.893187599283195,0,77.04134685870231,30.49678400898344
638,49,7,69,19,71,4,6,8.416212402556393,4,5.193976852834677,11,32.61628970075935,40.07037469546931
639,58,10,67,22,141,7,5,5.9200966785243505,5,5.650325249759498,10,40.181527168067674,0.0
640,62,21,39,27,69,8,15,7.03626815447102,8,6.696839724632725,11,32.53179026909068,40.74808880429819
641,57,23,64,15,125,1,19,4.975066391784738,4,9.613824701437153,18,96.23282508508078,47.84084050444329
642,48,16,61,14,84,5,15,9.758474328771815,5,6.026699609445051,11,52.432316868073926,38.21171666718712
643,38,11,36,16,131,3,6,9.109488400103423,4,5.594752594563462,11,46.97759279281808,49.564088818292724
644,30,31,50,7,116,1,8,9.18273773779002,6,0.14534135265990678,13,21.136172493661178,35.67320859128981
645,54,14,49,27,105,3,13,6.4406424914320315,3,0.8094970202235607,1,32.27340635287099,42.34705666927779
646,41,15,55,25,100,6,10,8.574167282243037,8,5.771716266239962,1,53.69086849939996,0.0
647,34,21,33,11,167,7,13,4.863256932338681,6,9.362403878072032,3,25.480223405751524,57.56649616422485
648,49,27,51,26,139,8,6,4.051714015550681,5,8.66691348399395,19,60.859146360497355,20.381650550111743
649,50,19,44,21,71,4,0,4.1198375954681685,2,9.825789229922046,15,56.401235077155825,40.103070881905694
650,34,32,69,20,58,3,12,7.519610424427363,7,5.27834037561274,9,81.37345122754816,34.650917457690085
651,56,9,50,9,146,5,19,6.732369431487645,2,7.8793093843776685,12,72.78421611202532,33.62451622702281
652,27,39,44,26,101,9,2,7.108092093451118,1,8.404003314893405,1,55.6757844256459,10.754877369579921
653,39,31,51,14,168,6,19,4.044778842503316,7,6.480316573308618,2,37.972856008405714,58.732688366996264
654,26,32,57,29,133,9,3,6.536119717944555,5,3.3874990421450724,18,78.1490852814245,29.694507688500437
655,46,1,43,8,70,6,10,8.308408967205164,1,4.699784346577944,5,76.62896827633634,46.472989931901445
656,23,32,56,1,57,2,1,6.656162211804615,4,8.579170722435677,18,32.26369284123099,20.766266970208438
657,31,32,69,4,162,5,13,8.393315237873335,4,2.9854792598216395,19,93.18014651403222,54.7594189320611
658,51,12,57,5,173,9,11,5.398113786381009,7,9.237431312666486,18,25.152409281203454,27.65281107554577
659,26,29,55,6,145,8,16,8.878852026890353,9,2.298063414226651,7,24.403016711417294,30.13566084956985
660,54,32,31,20,67,7,11,7.530587442720714,2,7.495164151567807,13,34.988033412994156,26.4506759161686
661,22,12,54,24,110,1,11,5.264578596579438,1,6.305592343457383,9,92.7568638439017,27.164060612837282
662,39,25,32,0,121,4,0,5.420322855122998,2,7.495994411207622,2,61.599849922953744,16.892561682284263
663,53,21,37,22,182,7,12,7.7681827874172225,7,4.373475724325948,5,83.03527365383201,22.210947762152667
664,32,38,62,25,71,7,13,8.97963755927466,6,9.326410625539847,14,38.22745504612005,38.60732924536261
665,42,1,64,6,48,6,1,6.4937666921749315,4,6.324722024114774,17,59.21775797229927,40.23412026521397
666,47,37,35,19,67,8,11,5.549802574765553,1,2.882958045542563,13,48.663157089910584,37.18200393594823
667,46,38,68,24,108,6,20,9.202069641463602,1,6.384550706521437,18,86.22628856529542,29.290782374406398
668,43,25,52,29,53,3,15,8.01560975050501,5,2.868157472070312,9,21.80835514873813,47.5733166495772
669,48,14,54,11,38,4,3,6.688512923698459,1,2.936323917598742,14,39.507418397288426,54.143264239964445
670,34,33,48,15,68,3,7,6.927401171675811,7,3.9959851162086792,3,32.2059379441903,48.46976791762018
671,54,39,34,15,80,1,1,5.225538807618379,1,8.52430417569119,1,88.73512309772555,27.727275536522924
672,55,10,40,10,101,5,9,7.760815780389064,1,5.00297874393992,2,57.403507975501256,11.033205549972543
673,62,2,41,20,18,1,8,6.152455063257332,2,6.789008422302074,6,52.337603511457296,0.0
674,56,5,39,3,136,1,14,9.973871060046095,3,3.91967740274463,15,55.958620968086386,24.42267219154372
675,22,8,37,12,143,2,12,6.8811010915713275,1,2.6360543980688145,9,97.75396405618682,3.313321679629579
676,42,5,53,6,166,4,16,6.915313637137679,9,9.546401607162313,18,88.02139154687393,33.4257342999599
677,27,8,57,3,195,6,15,7.395110724464031,8,6.035812471230626,16,76.5095017480246,59.91575869970785
678,49,38,65,14,154,8,1,9.50053601871248,5,9.339513385827182,18,43.23831673786037,0.0
679,38,30,66,18,153,3,19,8.804908599158502,2,2.0341300219831506,4,33.21383996147582,0.0
680,26,31,50,8,140,1,19,6.706780418787049,5,1.4689416391293275,19,93.71469032195627,50.86812075511638
681,52,11,37,10,30,3,13,8.312195595836776,6,8.558229071239037,12,53.84604182371863,0.0
682,26,7,38,7,73,3,2,7.517412992684569,1,6.809172126172514,12,42.30046395749034,32.97441749804781
683,59,7,44,0,99,5,11,6.954202292207493,4,1.8657849925364134,10,57.67366611341083,0.0
684,24,27,69,22,45,4,7,5.153894636706103,9,2.6935970066353776,10,93.42779382562817,40.98439276067422
685,44,19,47,24,71,4,1,6.783617580729345,2,8.006639415253112,15,50.96538507130346,17.370720426155273
686,58,6,49,23,179,9,3,5.474911522135448,5,4.538686199959361,14,65.01127977984795,51.37438445869496
687,58,10,35,7,85,7,13,9.489052899109929,1,6.7054050650609085,16,84.23730408868535,3.9608060257709434
688,31,19,41,12,179,4,15,6.012440880978081,4,3.1835202213601086,17,54.1706024838713,50.4476584322116
689,31,15,31,21,198,3,18,9.713584087200234,4,3.812299527748767,18,38.68334415410946,9.964091330517652
690,40,3,36,26,22,6,1,7.198331740568268,6,9.90712558623105,3,99.56205987064267,56.52308009236457
691,38,5,45,3,20,3,11,7.789266272056961,9,2.4761708717471853,4,96.52566859617278,48.53524813403385
692,42,21,32,7,63,6,13,7.257642666935967,3,5.06456377036514,6,87.47833353004113,0.0
693,35,25,32,2,25,9,5,4.776283701800205,9,8.444023431905322,1,75.06991035087381,61.82659145997949
694,30,2,56,28,17,6,12,6.254927314047646,6,2.3922321366585795,0,43.589250245575755,61.543605195997834
695,22,13,69,8,113,4,3,4.594876673665744,7,4.152137566843307,11,93.07303505312257,56.639922403141995
696,34,10,67,28,68,5,21,7.73772426510029,2,6.150912873699883,9,42.0445336096983,10.956477457472165
697,25,17,62,1,66,6,17,6.681245171202633,6,4.811881514751025,7,84.06475957414659,31.162594941201586
698,22,11,57,1,49,3,11,8.667909829425621,6,4.5950226657031745,0,93.46065343530451,51.71634659379036
699,61,22,30,27,196,8,19,5.322822885996219,2,3.625097313221236,11,68.24030723439293,16.765954823674207
700,53,11,37,12,139,4,21,4.9873963505760095,2,5.866463277749251,1,84.2444974312943,23.979196746270155
701,55,12,66,14,103,8,20,6.437993385782606,2,6.2437269792361025,9,83.33560793613972,25.029822743708216
702,49,24,61,27,147,3,18,9.559512299310287,1,6.532895409013626,16,35.45262008967839,0.0
703,52,18,66,22,53,7,7,8.262530890074471,5,0.7036810790602932,2,73.43395788768677,58.84416885869674
704,29,35,33,11,148,9,6,6.513541748757512,8,6.310341757120489,6,27.477434952355484,48.8747876498543
705,60,7,59,25,89,4,15,7.103633018525864,2,9.532371787812329,11,60.62801145099851,21.61625472478905
706,47,28,35,3,90,8,18,4.50527806706259,5,5.409862355280836,7,32.9788438512462,43.706820312592896
707,55,31,48,25,11,3,5,9.907455378256678,8,7.152670825092443,19,53.30795990371453,17.48045147358042
708,24,17,61,7,187,7,19,7.998443828169513,5,5.567323077592178,11,86.63856597587501,0.0
709,33,5,38,8,149,3,20,5.712424410780535,2,8.547406185919787,2,98.97342717041636,38.67405427131912
710,22,17,41,22,124,7,10,7.5148503652914656,3,9.29583094597569,16,45.43678653276942,44.587673190233424
711,26,18,40,4,99,6,4,4.656894196413964,6,1.842198992963593,8,62.55645590265413,11.174610611084153
712,51,21,45,23,32,2,15,9.795020012845502,5,4.3686003655712655,9,60.90384194963909,32.17336997344247
713,51,36,30,19,155,3,6,5.048709927300195,4,3.923821009327213,5,96.35212078648527,58.46380372537143
714,38,31,50,17,71,6,4,7.888181908331285,4,4.052151232992786,0,58.28669859462188,0.0
715,44,2,59,10,122,4,10,5.472726775233583,5,1.255241812278759,11,75.92849643197582,0.0
716,36,27,42,14,137,6,14,8.305368295891213,2,8.136157259807193,4,93.74313864868209,0.0
717,58,9,63,27,71,1,2,8.660928203441687,9,0.3576624301493525,12,49.87028476294721,67.05131157804063
718,42,34,33,21,47,1,4,8.040518373468597,2,5.282266077271569,14,92.16977905963101,20.364676560887848
719,35,28,57,8,175,3,20,7.686996761531155,2,6.618783880446912,10,93.39649775128107,32.06148335898527
720,23,14,67,16,70,8,4,9.35481456371207,9,2.074694380588772,7,94.45300031737045,35.93507153215512
721,32,32,60,26,138,8,8,4.471760265938548,3,9.058501920987956,4,41.63569483771411,44.235030041890134
722,60,6,56,25,182,4,14,5.985488594681171,7,8.385492070247931,1,52.02844754159668,62.58556642877208
723,59,11,34,11,165,6,2,5.489724877785076,4,4.710837294839253,11,89.63167265805615,0.0
724,55,29,54,6,158,8,5,9.92808377239253,6,4.111489323401387,1,48.7329459424335,34.05660020939529
725,59,20,32,9,131,7,16,6.3363386780012405,4,2.3656792521110006,15,68.02024263468041,41.15944155612303
726,55,30,62,24,119,7,20,8.395676195442393,7,7.299932246449636,2,29.444360580804158,25.775895240404175
727,39,23,33,25,22,4,7,8.108350983286027,1,1.3174379963196414,9,24.50199904889926,30.676446703804494
728,51,19,54,24,164,9,20,5.272487424864266,3,6.80237753843783,18,52.959519159373805,68.6365056917677
729,36,36,49,9,109,6,10,5.433986081269308,3,8.424569861184136,7,66.3133226074174,9.31312501732332
730,48,3,63,26,144,3,5,5.687707381318205,1,2.284715759170237,6,51.41592906871531,39.42800471517322
731,55,27,55,12,31,5,7,6.466763669556276,6,8.664274028987561,0,66.21886161286736,41.12720940107314
732,59,19,34,18,83,5,9,5.405950393903161,9,0.33323199439508455,11,61.206750093742805,39.26274748086317
733,54,23,64,10,190,5,2,4.117908896481087,8,9.127873853865253,4,74.85657834288607,90.07106596339369
734,45,31,57,12,141,8,13,9.276358340843172,7,1.1836222785129802,15,71.9625944852312,47.40584291659848
735,36,35,58,20,32,9,13,9.793658988285305,8,6.457591779380326,3,53.939656256526405,18.792723307014274
736,51,33,38,7,128,9,9,6.0494223221894075,6,2.500824689139418,16,53.99961923358906,3.924229175582429
737,63,35,67,7,79,6,11,6.031041276552838,9,8.365523911696137,1,31.26226720097856,49.21101083819958
738,38,1,35,3,93,6,5,4.042550876646226,3,5.123003609154665,11,61.05908576771674,26.486332342116686
739,26,14,48,14,110,9,11,8.081504129982244,9,1.3524119124650136,0,66.97433025085573,60.32730535675916
740,50,33,40,27,93,4,13,8.952639374491772,4,5.709915713259784,11,58.1191517883061,25.48550240685503
741,25,35,31,10,170,6,1,4.879649802160019,7,4.078826101969831,11,46.05658680695992,30.746774782587163
742,31,5,38,10,37,4,8,4.957998096202904,9,6.614478166131011,11,77.73188354013887,31.36181923618696
743,38,38,50,0,145,1,9,8.740499499828626,2,8.819032847634595,18,25.972931571617927,40.62735601023302
744,31,11,53,16,10,7,16,7.697744490124868,2,4.093891311834184,16,93.15522958032378,41.89549306036311
745,38,2,63,14,174,6,16,4.269163345766302,9,2.8988067953385963,19,21.651475163663463,79.81763569710884
746,41,17,51,19,72,9,2,7.73528194277369,3,0.14515094527608796,10,96.98801067506223,0.0
747,45,39,32,5,31,7,18,5.853506337062596,9,5.748390378598749,12,56.988448074773,49.40203495954025
748,26,20,41,23,79,7,0,6.212350932825076,5,4.022747674314335,7,53.013595520283296,0.0
749,55,14,57,21,134,2,11,8.618388509781282,6,3.7464921901482873,9,40.51552139705505,48.5147383313519
750,27,32,59,27,158,9,6,8.865611156035664,2,1.8293532128421253,7,20.80569078658265,30.258751611369085
751,23,34,55,24,105,9,3,6.402139761038984,8,4.300553451912743,19,41.98322115374398,0.0
752,34,25,50,14,172,6,9,9.682917616038129,9,9.844419535833683,7,28.751994036826716,0.0
753,64,7,57,8,88,3,12,6.438776307712433,2,2.9775415367224434,8,72.78566741547158,38.47277362762333
754,64,35,55,13,14,1,1,8.63101621138066,6,5.997044134081002,6,45.5259977856581,22.638260962188365
755,32,29,62,17,69,4,9,6.903263587385554,6,7.764868813156668,13,81.37434627229293,7.971891099918596
756,44,22,50,25,129,3,20,9.385193959132504,8,7.491578231765317,1,36.553294987689355,0.0
757,37,13,64,16,55,1,21,9.446567461901072,5,3.2877428749259074,10,92.01878859456876,44.11921400961112
758,52,13,63,17,187,3,3,4.524500847226503,9,6.108600835168504,7,61.8385212084666,29.78217375161134
759,32,1,47,4,185,4,17,9.618959987861354,1,8.712646852701573,12,29.160495717518515,0.0
760,37,36,40,19,143,8,4,8.953209049122494,9,0.15447427733077945,14,52.067618852278315,57.13453549471661
761,29,4,52,19,65,9,18,8.747864285876002,7,4.357343568433077,2,36.540841925580935,0.0
762,25,37,51,8,119,3,1,5.205468038113135,4,2.2427341824190528,13,35.974834093454334,30.469023039804153
763,61,13,46,10,196,6,11,8.83071525252799,3,3.8863229039883898,14,60.509579012176715,20.107010576654677
764,25,38,34,23,166,5,16,9.10079640811022,6,4.159896079752416,1,73.75136125090981,21.86997267726031
765,46,24,40,21,113,6,9,5.734902006724906,1,7.46670964786637,18,92.92945644027425,45.96230742837854
766,24,19,59,0,86,4,1,9.713560470173942,3,0.9382187239544315,11,60.17296086109227,41.91227798813087
767,53,1,44,17,155,6,5,4.299160878394986,2,5.125839031325104,19,97.26710200466641,82.38063309591023
768,24,38,56,5,11,7,7,4.899455519482838,9,5.641947917987453,3,95.33078816586949,21.546137357537212
769,48,5,64,26,17,9,18,7.225486828309085,3,4.941576035518044,2,89.20500239874883,40.25573184517927
770,50,16,62,1,84,7,10,7.454754826733858,2,7.3187325306272015,4,59.998181196993485,5.328051512390169
771,53,24,49,14,191,6,11,7.870900499805421,4,3.8379125590684735,2,31.272315495038683,44.53455476243569
772,40,27,45,28,134,1,8,4.101814775892799,2,9.44967063640076,14,37.43235758523079,54.09921170357609
773,42,1,63,25,47,2,1,9.762200647732781,1,4.818034425389413,18,71.81360021695805,54.55805570680077
774,26,34,31,20,185,1,7,4.267528556404864,6,5.712139096147975,1,53.74039842273569,42.246870905811704
775,39,36,64,13,36,9,10,4.8583717163404145,8,8.255308233467494,11,31.744130540319713,17.39912191176553
776,49,4,69,4,29,9,20,4.084087105156342,2,2.752361059311225,4,58.31951469114483,0.0
777,63,0,57,5,149,7,3,7.401150599764568,9,0.7520202876280246,16,21.394443640163672,51.64695162332594
778,43,39,68,5,52,2,9,9.593601303525833,3,7.0778397836248255,13,78.71162967196746,17.01096313729839
779,42,11,35,29,198,6,20,7.995682996482786,8,4.830118555483787,9,25.886503559175267,30.605994000472627
780,27,35,38,21,40,4,19,8.935944810882564,8,8.965042509589948,2,70.32908959296952,9.039350944262942
781,22,22,49,29,100,1,15,4.079687220751481,3,9.826800487224341,3,83.44082461004795,0.0
782,26,30,30,17,70,1,7,7.252091790878357,3,3.991093505747292,5,30.611509956317242,44.51567555810651
783,62,10,37,13,118,5,3,6.757377865033131,6,4.154390162596608,15,61.491095253281,46.05460937668994
784,33,9,52,9,100,2,9,6.993807665324758,1,4.079626022057265,6,82.32540114875758,14.757562173084215
785,47,2,32,13,172,4,11,4.433279112011128,4,3.2455410973092613,14,40.85067638056011,28.996483908091935
786,55,13,33,12,104,1,13,8.106612166415845,1,7.816870977663974,19,33.033327440129526,24.622978377932526
787,35,15,54,29,152,4,15,7.019322489151807,3,7.589957624907276,10,46.94552887739655,39.609600930431284
788,47,9,67,2,153,6,21,8.590893099167584,9,4.786448705505249,0,64.37593412666527,0.0
789,48,28,44,29,22,4,17,6.911743804370293,5,0.4466121637889875,4,66.02236758838,0.0
790,30,9,50,5,122,1,20,4.896289817358593,5,3.095593015130734,12,30.47010667661496,43.384449133751346
791,47,11,64,28,44,7,21,7.889541724466932,4,2.923030465548375,13,56.60550781391773,3.703668720375955
792,43,29,43,7,196,2,20,5.034318172630997,3,8.110872462002584,8,41.46257564315903,26.578277197269415
793,51,0,65,11,158,9,11,9.234367380128889,5,0.8757557341617472,16,87.36193744519606,31.38493986385747
794,64,4,41,12,191,3,17,7.678697434415449,4,8.056753790427042,14,45.086010565122464,0.0
795,38,19,46,10,167,8,6,4.9432233013417255,8,6.69183652199143,6,87.09636196270877,52.190993782324966
796,47,7,68,11,57,8,19,9.774028344887242,4,7.3244145913044925,11,54.28516900814337,7.658972982559201
797,57,11,38,0,44,3,6,7.110192780011924,8,4.322131875850235,5,78.12686126611626,41.879462529068476
798,22,0,64,16,95,4,8,4.43739071122993,6,6.797257960017582,15,60.804818283531496,0.0
799,29,19,42,15,175,2,0,7.760997426490404,5,6.090289447069158,4,69.75700993047812,34.253583108575896
800,56,27,44,10,168,4,5,5.519193442076862,4,7.689801952286295,8,51.62852086891065,26.50480916211559
801,36,36,47,12,161,9,5,8.822160711263814,4,4.467698344682521,13,81.45654142459927,30.84945103564273
802,43,36,62,17,123,2,21,8.906932441397144,4,4.728256248963024,7,54.015150685892664,53.559314986219206
803,35,11,35,10,186,3,11,9.87368413512797,9,6.435762227398202,13,56.59693172686575,0.0
804,47,36,56,27,109,4,21,7.0112171861470225,4,1.080774936663883,11,61.41429345847658,0.0
805,49,27,52,11,169,5,11,6.729741278366423,9,4.3624444836431735,9,86.54592947087868,0.0
806,44,14,56,5,192,1,9,8.520853632678884,6,9.719508452598056,19,72.75031428811718,46.56219647186418
807,35,5,63,8,195,7,5,4.794823938051559,7,0.3755232006004561,19,47.93283092525998,33.37559970426249
808,45,19,67,15,108,7,16,7.281493082758745,3,3.160047228663938,12,73.62557071852342,30.45667603769543
809,23,13,43,3,12,9,18,7.277485600785106,8,3.1410981908937075,18,71.39412584068619,0.0
810,47,1,65,2,94,4,17,4.5368387368623235,3,6.334641192357726,14,94.48154207037635,47.28353959123895
811,35,8,37,27,134,6,5,6.507904513041481,1,1.058003594241399,7,87.313314882028,54.91844921938655
812,28,36,64,15,147,2,18,9.119708791403212,5,6.285440308788611,9,71.79575390009985,30.433356449161632
813,24,19,48,23,92,4,9,9.136921731967963,2,0.9504024065161942,2,47.32056885472349,18.36621024194099
814,44,25,59,26,34,2,7,4.595425989518086,6,0.9495364741833101,2,82.36611590890156,76.90859580759604
815,64,28,43,25,77,5,20,4.544325296486985,9,7.281833571884823,4,66.01666344502408,50.276599186623706
816,39,0,49,29,70,7,5,5.576172862011612,1,3.241351738327963,15,98.82159904807213,45.33107826115718
817,59,34,54,24,38,1,20,9.248596375323961,4,9.774229477137478,16,39.800490285584324,25.851419951957595
818,56,5,69,11,136,7,6,4.773415510440993,1,0.3735293643555493,5,26.372467274470957,60.2781444374042
819,36,36,53,10,28,6,0,8.319980815764676,1,4.451066637179942,19,25.591344951035815,36.32681478758842
820,46,4,43,4,180,6,17,4.60699371767862,8,1.1313593767402363,19,71.20243106813443,39.4321299033725
821,58,32,55,24,83,8,19,7.738827122486953,2,3.5137896675810865,15,95.14081831292191,32.83210312400862
822,49,13,67,17,70,8,11,6.136403794714869,1,9.982224506090505,1,20.154553143320413,21.928463991926815
823,31,11,52,18,180,6,15,8.733483777795202,8,8.888425117385317,19,78.06168375662219,15.509387625214217
824,60,19,51,22,162,3,9,5.402142692952181,4,0.48324408855396905,14,72.56521460263563,42.061616252613085
825,38,23,48,22,29,5,9,7.835210976339759,3,5.632558438256834,17,78.58433537755727,50.942637505265864
826,60,33,32,5,57,2,13,5.4140952074553095,4,6.478223048244357,0,48.432432540986845,0.0
827,43,24,48,21,96,5,19,8.281961698672923,5,2.0953462395012568,18,85.6397155726284,49.99529995267759
828,47,28,38,17,161,9,9,9.242068207364493,1,1.4510557339645025,11,23.576554513508956,17.309750942772272
829,46,38,57,25,148,1,9,4.760810794760561,1,9.043811346655234,7,80.43448804976221,12.605115575977877
830,38,30,49,5,119,5,10,9.199574131573021,3,9.688164414833766,5,41.36575530792702,32.96189663506983
831,34,22,36,3,192,6,1,7.561451526485787,6,9.918928573196418,11,58.147021988645726,0.0
832,41,37,43,11,37,7,19,4.762662945202144,1,7.897617737346345,6,85.81090172457765,22.109698695627877
833,46,19,38,18,68,9,7,6.565251132158272,2,6.635020694052571,17,41.70872281529096,8.103787842049346
834,25,22,48,28,142,6,6,4.965161760910587,7,3.457302521929979,13,34.81660093151148,0.0
835,31,15,43,26,60,5,7,8.202087333199417,1,1.7139831232475244,7,74.50505482783073,20.18318561167401
836,24,7,67,28,158,7,0,8.553208806507698,7,0.789805993662317,19,62.671591320544366,54.02687066713236
837,62,20,65,1,21,1,20,4.634779121636794,4,6.93297468551492,13,61.15230949969476,61.35227142345074
838,39,0,69,16,59,5,1,7.036839116167866,6,7.847234151793582,4,40.54156124303305,46.319930491830796
839,57,7,46,10,141,2,17,8.887750336155502,8,8.2645365245498,8,22.790424465602214,42.4626122602435
840,43,28,59,10,122,4,14,9.61697824930598,9,9.137650033037986,7,52.82153106653735,44.51908664821757
841,55,31,38,20,179,7,0,7.08110720045062,6,8.799295636383736,1,28.52475843742144,46.24713704516917
842,29,37,62,15,175,5,4,9.701675341668443,9,9.997412722580926,15,92.47913205193618,33.276560436610175
843,61,4,54,1,162,6,1,7.214133822736179,4,2.440640109672513,12,23.30002587773844,0.0
844,40,21,43,1,23,2,19,6.365142967599448,6,7.633076152122106,6,54.53206833475051,36.420092621223944
845,63,33,40,22,41,3,2,9.089218771317373,8,5.864595123747977,15,24.17964669606623,37.48216052698698
846,62,0,64,7,148,7,18,6.957896262748534,9,2.612451324535824,6,27.643509965181305,92.41847781737222
847,58,25,43,12,198,2,17,6.831415063387138,3,9.819053222869428,13,72.70933335376176,33.076416972447724
848,27,9,59,9,155,6,21,6.941874936458969,2,8.978981047742522,13,71.76890087792756,11.299932619059556
849,47,29,33,7,164,5,17,9.080710011218471,6,1.2851566844411644,11,22.644175590355182,0.0
850,55,17,33,29,64,1,13,8.991649250128312,4,0.2615834232341985,0,20.090518009669616,28.401407116810923
851,27,16,57,3,191,4,7,6.421119954641267,1,6.883307623326768,0,26.30544617942272,31.24198846375085
852,58,25,37,14,129,2,11,5.99979915922315,8,6.041306288565352,11,81.03991181695537,51.76083220717125
853,54,7,31,29,84,4,20,6.951568144234775,9,9.358156241111459,19,66.76611782012057,49.17179436326204
854,43,39,51,0,30,1,9,7.436635058422654,9,2.3400528716036986,14,23.04945961507933,39.533830841878704
855,42,11,45,10,181,2,19,5.430023263767982,2,0.8438794789498705,3,59.04776126982618,20.702947133846354
856,27,26,58,6,142,8,16,8.763730508293545,9,2.5921533377198647,6,76.9623485643561,41.734954019292886
857,27,7,59,16,96,6,10,6.918896594394537,7,0.1892764051146345,15,89.5161115680645,38.91265097746401
858,25,24,41,26,178,2,1,6.004273290519757,5,0.35892751188932426,2,94.72291925272084,0.0
859,51,3,64,19,68,6,3,4.640925957783944,7,9.148578059207596,6,46.19524503632533,43.784678663483874
860,32,32,40,23,98,9,0,5.433070962421642,9,3.5201658250187826,5,30.866594273061256,62.192521044943405
861,51,0,50,17,191,7,14,9.695687030535902,8,4.108090010096807,15,38.954073658515796,38.47481311052191
862,52,18,50,21,159,9,12,5.830598120917159,6,0.1837165453810441,7,82.0937193632179,0.0
863,45,30,34,28,92,5,7,5.013155736202211,4,2.705217801718466,5,97.71873720338485,19.978909147018296
864,30,15,49,21,74,7,3,6.764036749929959,1,8.04725983741431,9,57.311489388830445,0.0
865,24,13,66,11,73,7,9,5.842526460161492,6,6.154909596667192,15,44.42825708382318,43.97221394373579
866,52,4,32,8,80,3,18,4.210955501627165,3,7.537806010864153,10,54.33524655680276,30.647894004512953
867,61,25,62,4,13,7,17,5.938871303676503,6,4.472137407937851,12,44.385051571610596,55.810540603924366
868,58,27,38,9,152,1,4,7.264651743636811,6,3.0972922175133,5,40.519001856572345,14.799401057831002
869,57,1,38,3,113,9,18,7.310274232119801,4,4.828100933283704,0,67.50006019257437,20.1580525333231
870,45,5,33,4,159,6,21,6.139353527061332,2,3.2307106840575117,18,21.258878429883552,0.0
871,52,8,64,27,184,5,15,6.683816537515604,9,8.38971096674068,11,40.764179893199056,35.1581244051457
872,27,32,46,27,102,7,0,9.793107509408598,2,2.9767371559284572,5,72.91056622759912,25.18985549790384
873,23,24,63,9,183,5,11,6.2640908633818695,3,6.597636404530838,17,22.5650157045444,38.88836591905188
874,41,12,53,10,151,5,1,5.549360879559898,1,1.3698222230952783,12,26.6561453207148,52.69624957920939
875,49,8,61,20,187,7,20,5.460802264400561,7,6.8686649373490996,6,43.47169158286278,43.520724598403575
876,32,12,30,23,157,7,7,6.746587676224805,1,9.132997116000338,12,90.22438388871879,0.0
877,25,30,37,9,187,3,17,8.557120892301665,9,6.085831546399083,7,81.1908928132237,22.22941108758105
878,36,10,52,27,121,3,15,5.23592910513084,1,5.598553800344773,16,21.77253035329948,47.798387566329325
879,27,3,69,7,170,3,4,8.255776762844608,5,9.611182680216402,8,60.13702533507935,0.0
880,51,33,41,1,128,6,21,4.126898940096497,7,6.2739655531584635,19,41.97499951899334,53.32665526924186
881,59,37,41,22,68,6,12,6.513597867903676,3,2.595504332730826,12,71.89165272496504,54.38816604694093
882,23,3,44,7,52,3,18,8.65519039121672,9,2.9239102384774043,1,77.7243106074769,37.86467293983063
883,36,37,48,15,21,3,2,6.0323977346465885,8,7.0530664253592725,3,89.0290061703426,43.71341395106896
884,32,18,55,26,49,8,7,7.382422608672397,3,7.3543659389218625,1,58.03329896832114,20.330949345503416
885,29,5,58,21,127,8,11,5.229875396955465,5,3.0349623178901517,3,99.55600708364676,0.0
886,47,33,51,4,29,7,1,8.451972346757033,7,3.4534397792633023,17,98.39888858296875,0.0
887,26,17,69,26,175,4,10,4.3136746196125575,4,9.91056508739087,4,90.57333795768265,35.07768508822116
888,27,12,50,24,140,4,11,9.115255869253001,5,1.0195254958027744,18,65.98955961264566,16.946766561102564
889,47,22,67,28,165,3,17,5.189178318530009,3,4.0464502844009935,9,51.8405150003052,43.73669981837185
890,25,18,49,2,193,5,12,9.246388190249984,9,0.6244753119750746,17,49.1509048111828,30.978230302781125
891,40,10,58,11,99,3,4,6.115175447803104,9,8.21078361998241,9,20.969980007019586,55.8186829690407
892,41,0,33,12,103,8,21,8.33610144684692,7,0.9234583894543225,4,39.93395977938932,20.049240676610356
893,54,23,36,12,22,7,11,5.915351786717131,2,6.740073564627112,16,77.50465879593317,34.080275726339366
894,41,6,57,9,75,3,1,9.435470027407884,7,0.5648342400348205,12,68.29056799144533,32.799975290192855
895,33,24,57,3,46,9,4,4.759822753110246,7,6.728550378096911,16,93.31377513340269,28.923214244224443
896,22,20,33,8,186,5,6,5.071118735635592,5,8.430369469277032,8,24.00178135332463,22.426161882112545
897,47,14,51,21,75,9,11,6.958180750952813,9,3.9882152692405737,11,32.42212825418645,11.99743727717372
898,35,0,41,23,45,7,15,4.491630634228876,3,5.221264934321769,13,83.1395031481704,0.0
899,59,11,32,22,191,7,7,5.175881108210572,4,4.015417380052825,13,48.6806104956267,58.87879865564111
900,58,6,51,26,35,6,8,9.662598293272087,1,3.0048875863263893,7,29.467626697430234,0.0
901,32,14,31,1,84,2,14,9.858937966887323,6,8.032634006271282,4,99.71604040800713,0.0
902,57,20,53,18,117,9,4,6.257555975982532,4,2.720025737309897,18,82.98002421354903,0.0
903,34,18,63,0,177,6,12,9.539716126083615,1,7.22943424389447,13,52.69928294064981,16.26990621794553
904,64,28,56,24,52,8,4,7.268948054040591,2,2.0619707925520228,8,85.86779815569122,51.03920197550964
905,24,24,30,28,159,1,10,5.618454795242602,3,2.498537960783296,6,74.44830960953226,42.29134992838442
906,54,32,37,6,157,5,9,8.214392326483592,9,3.3646116257721226,7,83.19798076558666,0.0
907,27,31,52,16,17,1,19,7.953410839449143,8,5.891563773937882,13,85.21651020525199,21.905747916302523
908,31,34,67,2,38,8,12,9.9347519146524,7,4.544223191595411,13,26.77829466322543,5.3729782783131945
909,26,37,35,19,49,8,8,5.5902837244557,4,7.451448098278204,10,69.83783101504766,57.30405777141127
910,44,25,51,19,167,1,20,8.032357015970412,1,2.135673003361923,13,20.54284423814621,33.15600287002596
911,31,10,54,20,137,9,13,4.312142530176681,8,0.10672287848834117,7,23.476499704093648,56.923444221514146
912,23,34,47,29,93,2,17,4.681876232180317,4,7.765574717852201,2,92.31840072446727,35.230307675493655
913,34,7,46,2,125,9,14,4.023510249706559,3,8.216493338800724,17,62.20509770854444,54.51518193128417
914,61,13,41,2,192,1,9,9.996764086358038,9,0.5948016310838955,2,78.87215886948198,46.57386574193752
915,23,9,35,16,153,9,6,8.813642182884866,4,6.109075221583965,12,87.08007923545168,23.72463157589614
916,41,1,55,6,183,4,7,8.720338088401245,4,3.7820678387307796,11,95.9669414051668,60.286982775394485
917,22,8,56,26,71,9,2,7.058356451729078,9,7.938956551945168,14,89.54822783382367,43.34492445222525
918,58,2,37,25,16,7,14,5.800402497432639,2,8.744145541964786,17,58.664915895783516,9.952972087371293
919,30,20,48,13,54,6,15,4.9075857067760555,5,8.51003766797249,4,46.87762459044092,40.17127912779077
920,38,25,30,16,196,5,3,5.7080484330787815,4,7.772042473508521,6,32.359458896483055,39.319446309688814
921,30,7,58,17,193,9,20,6.255827331574835,9,2.6905222874216292,10,52.025718598982394,45.52153809541717
922,32,1,64,12,185,2,5,8.537860581881764,5,8.118896435683167,10,49.31948633289308,28.514206430967977
923,36,5,69,19,164,2,0,7.237970733418915,9,5.334784759062927,14,64.76598735646988,72.38570815083932
924,45,27,43,28,190,9,3,4.464901759332896,9,0.5275661483209082,9,73.24075270057708,32.97224257261693
925,59,28,64,19,97,3,10,4.108174053753474,2,4.569388498982489,14,98.26603811560379,6.304468989984583
926,56,25,49,20,82,8,11,4.613993077204379,9,9.421579170299934,12,78.27089488805859,66.77924860063679
927,51,24,42,26,172,9,4,6.462992282184276,3,8.878593497355528,13,71.49988259543386,14.02321485583907
928,52,11,67,17,188,8,20,9.59915750229411,4,1.0226428099711604,16,46.807394741467405,35.48019285682035
929,26,4,37,3,46,4,15,7.82441488725533,1,7.441266857143702,12,22.760310119866077,19.48621359878423
930,35,33,49,0,128,1,12,8.810955399253091,1,8.057928659582348,9,43.05001030837534,43.84091020276274
931,32,36,62,17,66,4,12,6.798247567027291,1,2.713881882367648,0,81.47583203676942,62.86334489446715
932,30,14,55,0,17,9,16,6.1699964991702565,9,4.716085707410923,0,36.42175526430414,23.72329123308555
933,55,35,68,25,104,2,6,4.650402236299737,8,7.109879414636829,14,76.97505549392915,70.51775941739484
934,33,14,50,25,126,3,7,9.25559813311723,5,4.390414888211479,15,66.38238740555326,53.79674452223817
935,56,22,38,12,119,8,12,8.698960174167418,5,1.1279691886657695,11,33.74854958003719,33.76495448979024
936,56,5,53,19,29,6,15,5.0087085855863505,9,7.058824446817216,5,40.9299845033464,0.0
937,22,20,66,19,133,8,3,7.073563383257563,3,9.116386897353035,5,59.70428827891812,52.6421539536744
938,61,22,46,22,62,7,7,6.924248847527469,3,6.524847284061575,11,53.4699764086278,30.62811282873126
939,43,15,53,9,128,5,15,7.750549316119171,7,7.738007485690339,14,82.28510780374077,0.0
940,50,14,50,26,21,9,20,9.677121363947567,9,3.5836253565782847,3,78.75237140345976,45.413491939669136
941,29,24,68,10,186,4,9,7.478628650574878,6,1.8319824512663485,3,65.96596027784136,20.943571422759295
942,32,35,68,8,26,6,11,7.241303600671712,2,6.4277366161829255,1,85.78197691783402,32.86190438441896
943,62,10,42,8,73,2,11,4.301937597607983,1,3.277712058412189,11,65.0135632547447,22.112062753017625
944,58,14,40,4,51,2,4,4.377444856108143,2,8.600735189897929,6,97.15114053258081,55.709325714817005
945,35,3,48,25,103,2,15,5.1240807479607335,1,1.2262804997800658,19,37.377927932086514,38.1297782627832
946,51,20,40,0,166,7,0,4.19482463015049,9,4.334636997331237,8,77.13055948817222,48.073907273692825
947,56,12,42,16,156,2,8,8.460117373420074,8,3.9672760046838587,8,49.59553056435744,31.806251522178304
948,42,21,30,21,20,2,11,8.339981823963779,7,9.380538535539296,7,42.31729555361551,21.867245622677764
949,58,18,69,1,107,9,4,4.816337406589858,3,1.5313480060440388,13,34.43099807741703,52.64230279128063
950,26,33,48,23,187,7,21,9.016473404771686,8,0.09846825012010951,0,64.2002781009235,29.10069326591866
951,40,13,41,12,80,3,19,4.928716209076672,2,2.380852128071176,11,37.2375546199369,37.32012207722356
952,35,3,37,8,117,3,21,5.807053521984153,2,8.202768597686545,1,36.02806811587247,0.0
953,47,26,37,28,67,7,2,5.4938613949681905,3,2.0932181604701707,12,99.24255240670544,33.973898854084986
954,25,28,41,3,43,5,4,6.233842591438287,7,2.408780637054827,3,84.13979334766086,45.722466500528164
955,46,27,62,4,29,6,1,5.527982595339771,1,1.298988045368108,19,79.86214562035002,37.92611648606524
956,63,34,55,10,59,8,13,6.933705558630712,8,7.1543620327654045,17,83.5248500706204,63.17809880683718
957,46,7,68,23,111,9,1,6.444447288128113,7,0.6917419050541718,18,97.5138298974994,60.58160149523347
958,39,15,57,18,147,1,12,9.919416944675959,4,3.312083023285216,15,65.86213510025628,13.549723793903837
959,61,35,34,20,169,3,6,4.335558100769354,5,2.8249872662096456,13,37.619510192228844,50.54928664244629
960,29,29,37,2,61,7,9,4.85308825832411,1,5.551597297901548,7,88.97677126025913,24.023486593669716
961,60,17,54,11,24,6,12,4.316955363451615,4,7.304162650197355,11,79.4184583563272,44.238801572255404
962,61,1,56,25,93,7,15,7.7550471698942545,1,5.328764346967474,8,53.144664986733844,24.365686118886657
963,35,12,52,18,140,8,13,4.327055664482318,1,9.310259929750677,5,57.88555988597171,5.10604259840087
964,53,3,59,18,46,6,10,9.01863842425674,1,9.51442638887332,17,52.90019187830953,27.862975156558917
965,59,25,52,12,135,3,9,7.071631784091567,7,3.6146532849851543,1,94.39537281832033,19.24003087206653
966,54,24,49,27,49,2,5,7.162045747489202,7,7.776803762748927,7,47.48252891986353,0.0
967,44,29,47,6,81,7,3,7.369567046273165,4,7.388013832681897,13,97.0787422924938,34.509840938733
968,36,10,47,14,49,1,20,5.024882237837264,2,8.929645917048273,5,92.82174170031598,26.44988032924986
969,54,6,31,22,65,3,0,5.1861418186869255,3,4.479436402077033,9,70.44169137985386,0.0
970,46,30,33,6,160,4,6,5.912903937238028,8,5.304731871977922,7,66.38574184800598,0.0
971,38,9,59,25,113,1,8,7.560978494931108,8,4.15774313581574,16,49.60714240559767,33.77474585801399
972,54,38,62,7,148,5,7,5.260706655641287,6,8.503769192997057,11,21.46707112085199,25.33409043214351
973,23,12,65,4,119,3,4,4.697990362799567,9,2.2970231536213435,16,30.20985489902026,83.22774142326806
974,35,30,47,20,145,2,18,9.820701318510594,9,2.397090782424447,12,80.3385058679639,56.184818045990234
975,61,6,66,13,102,3,9,4.131890888857738,4,3.726051035770798,18,57.72321012705322,28.712393777128394
976,61,35,48,3,103,8,10,8.81618443201613,1,2.303428321023512,11,31.98705073503745,18.722394974132303
977,60,19,57,22,65,6,14,8.728210897450133,1,5.610068364149208,15,41.11686833054968,20.744524515398986
978,27,3,69,9,69,7,5,5.783284683070576,5,1.344901064955023,4,95.82695198775997,41.2859819609257
979,27,6,49,19,147,6,14,4.81375969604388,2,3.2018621940405536,15,49.37062682482121,27.222028758350024
980,24,0,62,14,48,6,4,4.873771880232541,6,9.1344469847559,5,92.61455561753228,34.09485775949343
981,28,12,41,17,37,3,18,8.184589703423155,7,4.092254801917959,10,44.37086658348613,49.76935497542412
982,29,21,44,19,58,8,21,7.856839546517042,1,7.4823371649350925,16,63.457607549372874,57.92924900995711
983,63,20,68,12,173,7,18,8.696474045508321,6,1.1346219170657401,13,21.63816666897583,20.058220286002104
984,36,21,31,28,134,7,9,9.624887034394629,8,2.475645081417847,5,61.750008829886156,15.945530483587385
985,50,27,58,7,22,6,11,8.151564179599552,5,8.073456212003686,10,70.95536084885042,36.60102500470093
986,54,8,39,8,45,5,21,4.935109219308661,7,7.629929362896942,11,38.744407946974235,14.077712994590641
987,51,25,31,15,110,8,3,5.460655700592464,6,3.8615591859382112,12,66.31497409642856,41.378281883449
988,60,8,40,18,35,5,17,9.053162385238688,4,9.543969020334742,3,71.77342176407885,0.0
989,48,14,42,15,95,9,15,5.255836455005252,7,9.106430158345454,6,74.95088627054052,47.61376695454604
990,57,9,39,6,13,9,7,4.435133901726888,9,9.623007491122399,1,82.11226576176826,46.02132565200393
991,50,23,43,13,91,1,3,8.219680324253503,7,4.279146901877854,5,44.90713943435332,26.59292408014236
992,59,7,47,27,175,6,11,6.415158132940852,5,1.9747358368568302,5,65.42215651455025,0.0
993,54,23,38,13,136,7,1,9.520240315275421,7,6.26658639091341,17,98.52632238116756,10.189899028748602
994,58,15,68,24,97,3,3,7.901530426561969,3,6.847731582791985,19,91.85153365321257,45.41352217036747
995,48,25,57,26,136,7,4,4.542513866749965,2,1.2544178445052,7,96.21323424786932,72.6397014956467
996,54,26,32,3,129,7,2,9.687139403521964,5,7.86483034295906,7,50.890911882285714,28.500334634246865
997,25,36,49,25,31,2,8,5.551343581841476,4,0.18060219759960527,7,82.95424847173294,35.7160278103909
998,43,3,35,14,139,7,20,6.023274942437714,5,4.827283874767834,7,69.59183614082782,50.686406559626256
999,23,23,56,2,40,1,17,6.413562482101252,8,3.310162594948949,0,26.618806644979287,79.14063162148196
1000,31,18,31,4,128,5,10,4.30734577842588,4,7.40303059899084,1,85.91843113256523,38.17585152914868
